https://framerusercontent.com/assets/0TdPeaT9HHBzJJYvhAkGifvjrKs.mp4	assets/videos/0TdPeaT9HHBzJJYvhAkGifvjrKs.mp4
https://framerusercontent.com/assets/1K3W8DizY3v4emK8Mb08YHxTbs.woff2	assets/fonts/1K3W8DizY3v4emK8Mb08YHxTbs.woff2
https://framerusercontent.com/assets/1wdX9Uj8drsgRBsLNNqTCj8NqU.mp4	assets/videos/1wdX9Uj8drsgRBsLNNqTCj8NqU.mp4
https://framerusercontent.com/assets/2A4Xx7CngadFGlVV4xrO06OBHY.woff2	assets/fonts/2A4Xx7CngadFGlVV4xrO06OBHY.woff2
https://framerusercontent.com/assets/34iiXvnpc7jGlEsOI0oGdgy6U.mp4	assets/videos/34iiXvnpc7jGlEsOI0oGdgy6U.mp4
https://framerusercontent.com/assets/365T3ydk6VBKl5JRnBGABoAmYHU.mp4	assets/videos/365T3ydk6VBKl5JRnBGABoAmYHU.mp4
https://framerusercontent.com/assets/43sJ6MfOPh1LCJt46OvyDuSbA6o.woff2	assets/fonts/43sJ6MfOPh1LCJt46OvyDuSbA6o.woff2
https://framerusercontent.com/assets/4RAEQdEOrcnDkhHiiCbJOw92Lk.woff2	assets/fonts/4RAEQdEOrcnDkhHiiCbJOw92Lk.woff2
https://framerusercontent.com/assets/4ualoGPbahHLec3ns2JjwZxPHno.mp4	assets/videos/4ualoGPbahHLec3ns2JjwZxPHno.mp4
https://framerusercontent.com/assets/5B62VGVavVQALlXLa3RiRE9hws.png	assets/media/5B62VGVavVQALlXLa3RiRE9hws.png
https://framerusercontent.com/assets/5vvr9Vy74if2I6bQbJvbw7SY1pQ.woff2	assets/fonts/5vvr9Vy74if2I6bQbJvbw7SY1pQ.woff2
https://framerusercontent.com/assets/6Pf7HymuyeY6QiozmyRa5HYf3I.mp4	assets/videos/6Pf7HymuyeY6QiozmyRa5HYf3I.mp4
https://framerusercontent.com/assets/6VcD5iqJ23DjJfZsnbzShwChvC4.mp4	assets/videos/6VcD5iqJ23DjJfZsnbzShwChvC4.mp4
https://framerusercontent.com/assets/7UkBgzAfjiSbDSmqRKOkT46nhQ.mp4	assets/videos/7UkBgzAfjiSbDSmqRKOkT46nhQ.mp4
https://framerusercontent.com/assets/867QObYax8ANsfX4TGEVU9YiCM.woff2	assets/fonts/867QObYax8ANsfX4TGEVU9YiCM.woff2
https://framerusercontent.com/assets/BQ8OhvQZIr2K0lPb6AJAXLPsoWM.mp4	assets/videos/BQ8OhvQZIr2K0lPb6AJAXLPsoWM.mp4
https://framerusercontent.com/assets/CS9H26h4d2CUfA3B9OYn0SiGPro.mp4	assets/videos/CS9H26h4d2CUfA3B9OYn0SiGPro.mp4
https://framerusercontent.com/assets/CfMzU8w2e7tHgF4T4rATMPuWosA.woff2	assets/fonts/CfMzU8w2e7tHgF4T4rATMPuWosA.woff2
https://framerusercontent.com/assets/DDmKAJs0vwjvJRJhXoOgbAZ6H8.mp4	assets/videos/DDmKAJs0vwjvJRJhXoOgbAZ6H8.mp4
https://framerusercontent.com/assets/DOfvtmE1UplCq161m6Hj8CSQYg.woff2	assets/fonts/DOfvtmE1UplCq161m6Hj8CSQYg.woff2
https://framerusercontent.com/assets/DXD0Q7LSl7HEvDzucnyLnGBHM.woff2	assets/fonts/DXD0Q7LSl7HEvDzucnyLnGBHM.woff2
https://framerusercontent.com/assets/DpPBYI0sL4fYLgAkX8KXOPVt7c.woff2	assets/fonts/DpPBYI0sL4fYLgAkX8KXOPVt7c.woff2
https://framerusercontent.com/assets/DtD2sL4zO4vZyJIKBU7M5HW8lZk.mp4	assets/videos/DtD2sL4zO4vZyJIKBU7M5HW8lZk.mp4
https://framerusercontent.com/assets/EOr0mi4hNtlgWNn9if640EZzXCo.woff2	assets/fonts/EOr0mi4hNtlgWNn9if640EZzXCo.woff2
https://framerusercontent.com/assets/EV48feB5mUjY7c20MznLCswVxns.mp4	assets/videos/EV48feB5mUjY7c20MznLCswVxns.mp4
https://framerusercontent.com/assets/FUNd1rXxLzutxgAJteY4xP4Vzw.mp4	assets/videos/FUNd1rXxLzutxgAJteY4xP4Vzw.mp4
https://framerusercontent.com/assets/GIryZETIX4IFypco5pYZONKhJIo.woff2	assets/fonts/GIryZETIX4IFypco5pYZONKhJIo.woff2
https://framerusercontent.com/assets/H89BbHkbHDzlxZzxi8uPzTsp90.woff2	assets/fonts/H89BbHkbHDzlxZzxi8uPzTsp90.woff2
https://framerusercontent.com/assets/JeYwfuaPfZHQhEG8U5gtPDZ7WQ.woff2	assets/fonts/JeYwfuaPfZHQhEG8U5gtPDZ7WQ.woff2
https://framerusercontent.com/assets/KPckHeWd9TfwD5oz83ChBrLKBpU.mp4	assets/videos/KPckHeWd9TfwD5oz83ChBrLKBpU.mp4
https://framerusercontent.com/assets/LHZACfFBaO2JVGfDZVzQ05hqTqg.mp4	assets/videos/LHZACfFBaO2JVGfDZVzQ05hqTqg.mp4
https://framerusercontent.com/assets/LLXxaVqp4C55OjqYDjwCMPjl0.mp4	assets/videos/LLXxaVqp4C55OjqYDjwCMPjl0.mp4
https://framerusercontent.com/assets/LPau7HLCOfH2QjUHV3ctQ13Uuo.mp4	assets/videos/LPau7HLCOfH2QjUHV3ctQ13Uuo.mp4
https://framerusercontent.com/assets/NnO66P28MZe8w2rHyZ9uJVPxWl0.mp4	assets/videos/NnO66P28MZe8w2rHyZ9uJVPxWl0.mp4
https://framerusercontent.com/assets/OYrD2tBIBPvoJXiIHnLoOXnY9M.woff2	assets/fonts/OYrD2tBIBPvoJXiIHnLoOXnY9M.woff2
https://framerusercontent.com/assets/Oyn2ZbENFdnW7mt2Lzjk1h9Zb9k.woff2	assets/fonts/Oyn2ZbENFdnW7mt2Lzjk1h9Zb9k.woff2
https://framerusercontent.com/assets/Paecwwbj0fxcMtAM2jNZcvf3jcg.mp4	assets/videos/Paecwwbj0fxcMtAM2jNZcvf3jcg.mp4
https://framerusercontent.com/assets/QiW4ANIPCFYRIrdJ2214AGE7c8.mp4	assets/videos/QiW4ANIPCFYRIrdJ2214AGE7c8.mp4
https://framerusercontent.com/assets/QxmhnWTzLtyjIiZcfaLIJ8EFBXU.woff2	assets/fonts/QxmhnWTzLtyjIiZcfaLIJ8EFBXU.woff2
https://framerusercontent.com/assets/RSV0szrJWMftIUATUlVP69GE.mp4	assets/videos/RSV0szrJWMftIUATUlVP69GE.mp4
https://framerusercontent.com/assets/Tq4ujdUrMpYtdl8AQAiXioVOfVk.mp4	assets/videos/Tq4ujdUrMpYtdl8AQAiXioVOfVk.mp4
https://framerusercontent.com/assets/UJy5WOvBc9INYQyK3hrhl3lLhLM.mp4	assets/videos/UJy5WOvBc9INYQyK3hrhl3lLhLM.mp4
https://framerusercontent.com/assets/VgYFWiwsAC5OYxAycRXXvhze58.woff2	assets/fonts/VgYFWiwsAC5OYxAycRXXvhze58.woff2
https://framerusercontent.com/assets/VrWdfVMmVpfEZM5Lqqe0o0vJQzA.mp4	assets/videos/VrWdfVMmVpfEZM5Lqqe0o0vJQzA.mp4
https://framerusercontent.com/assets/WZ367JPwf9bRW6LdTHN8rXgSjw.woff2	assets/fonts/WZ367JPwf9bRW6LdTHN8rXgSjw.woff2
https://framerusercontent.com/assets/Y9k9QrlZAqio88Klkmbd8VoMQc.woff2	assets/fonts/Y9k9QrlZAqio88Klkmbd8VoMQc.woff2
https://framerusercontent.com/assets/b6Y37FthZeALduNqHicBT6FutY.woff2	assets/fonts/b6Y37FthZeALduNqHicBT6FutY.woff2
https://framerusercontent.com/assets/cAphuxouJYSKdEbsUmU5BP1ns.mp4	assets/videos/cAphuxouJYSKdEbsUmU5BP1ns.mp4
https://framerusercontent.com/assets/cdAe8hgZ1cMyLu9g005pAW3xMo.woff2	assets/fonts/cdAe8hgZ1cMyLu9g005pAW3xMo.woff2
https://framerusercontent.com/assets/dyNE8nKM1BNeTQEk7MH46nujXEs.mp4	assets/videos/dyNE8nKM1BNeTQEk7MH46nujXEs.mp4
https://framerusercontent.com/assets/eUbq4aSIQA7FjZLMVbm0dcFclU.mp4	assets/videos/eUbq4aSIQA7FjZLMVbm0dcFclU.mp4
https://framerusercontent.com/assets/mWIcYlJaxpfjJa0GDJvfAusUGxI.mp4	assets/videos/mWIcYlJaxpfjJa0GDJvfAusUGxI.mp4
https://framerusercontent.com/assets/oVvsYVcZiQkZbAUYqKGVle9emM.mp4	assets/videos/oVvsYVcZiQkZbAUYqKGVle9emM.mp4
https://framerusercontent.com/assets/oajtUDszJFKq1RG36cLiNK73Kc.mp4	assets/videos/oajtUDszJFKq1RG36cLiNK73Kc.mp4
https://framerusercontent.com/assets/pKjiuw7hhdCv23NShaTM1K0KGs.mp4	assets/videos/pKjiuw7hhdCv23NShaTM1K0KGs.mp4
https://framerusercontent.com/assets/tKtBcDnBMevsEEJKdNGhhkLzYo.woff2	assets/fonts/tKtBcDnBMevsEEJKdNGhhkLzYo.woff2
https://framerusercontent.com/assets/tUSCtfYVM1I1IchuyCwz9gDdQ.woff2	assets/fonts/tUSCtfYVM1I1IchuyCwz9gDdQ.woff2
https://framerusercontent.com/assets/tq54s4iKdDXiJc8DxRXC7RaK7Ho.mp4	assets/videos/tq54s4iKdDXiJc8DxRXC7RaK7Ho.mp4
https://framerusercontent.com/assets/u6gJwDuwB143kpNK1T1MDKDWkMc.woff2	assets/fonts/u6gJwDuwB143kpNK1T1MDKDWkMc.woff2
https://framerusercontent.com/assets/vFzuJY0c65av44uhEKB6vyjFMg.woff2	assets/fonts/vFzuJY0c65av44uhEKB6vyjFMg.woff2
https://framerusercontent.com/assets/vOANO2uFdXgXjuc3Gko2gt2Iq88.mp4	assets/videos/vOANO2uFdXgXjuc3Gko2gt2Iq88.mp4
https://framerusercontent.com/assets/vQyevYAyHtARFwPqUzQGpnDs.woff2	assets/fonts/vQyevYAyHtARFwPqUzQGpnDs.woff2
https://framerusercontent.com/assets/wEDGjD4WpJCOM3HBKL4XIS5zwA.mp4	assets/videos/wEDGjD4WpJCOM3HBKL4XIS5zwA.mp4
https://framerusercontent.com/assets/wccHG0r4gBDAIRhfHiOlq6oEkqw.woff2	assets/fonts/wccHG0r4gBDAIRhfHiOlq6oEkqw.woff2
https://framerusercontent.com/assets/xW5XQTXkuk1FhLwoSNlg9cmzfs.mp4	assets/videos/xW5XQTXkuk1FhLwoSNlg9cmzfs.mp4
https://framerusercontent.com/assets/xoF5ucYP0m6GAWYtzJ4IXUH1Lo.mp4	assets/videos/xoF5ucYP0m6GAWYtzJ4IXUH1Lo.mp4
https://framerusercontent.com/assets/zA70YsnvBUu91l0cd587l2CHjMs.mp4	assets/videos/zA70YsnvBUu91l0cd587l2CHjMs.mp4
https://framerusercontent.com/assets/zooIZ361BmsxGZVgCHKsfDRJEs.mp4	assets/videos/zooIZ361BmsxGZVgCHKsfDRJEs.mp4
https://framerusercontent.com/images/0Sy1ILtz2N0ODyXKFs6c4RllyVU.png	assets/images/0Sy1ILtz2N0ODyXKFs6c4RllyVU.png
https://framerusercontent.com/images/0Sy1ILtz2N0ODyXKFs6c4RllyVU.png?scale-down-to=1024	assets/images/0Sy1ILtz2N0ODyXKFs6c4RllyVU.scale-down-to-1024.png
https://framerusercontent.com/images/0eQFZscoDaQGM2baoYRQXWo3axg.gif	assets/images/0eQFZscoDaQGM2baoYRQXWo3axg.gif
https://framerusercontent.com/images/0eQFZscoDaQGM2baoYRQXWo3axg.gif?scale-down-to=512	assets/images/0eQFZscoDaQGM2baoYRQXWo3axg.scale-down-to-512.gif
https://framerusercontent.com/images/0iVRYxO8GaPCLSbokiGI8FbKnDM.jpg	assets/images/0iVRYxO8GaPCLSbokiGI8FbKnDM.jpg
https://framerusercontent.com/images/0iVRYxO8GaPCLSbokiGI8FbKnDM.jpg?scale-down-to=1024	assets/images/0iVRYxO8GaPCLSbokiGI8FbKnDM.scale-down-to-1024.jpg
https://framerusercontent.com/images/0iVRYxO8GaPCLSbokiGI8FbKnDM.jpg?scale-down-to=512	assets/images/0iVRYxO8GaPCLSbokiGI8FbKnDM.scale-down-to-512.jpg
https://framerusercontent.com/images/19pD7DKa0OicHOJoM6tU6l2BTdc.png	assets/images/19pD7DKa0OicHOJoM6tU6l2BTdc.png
https://framerusercontent.com/images/1fhlCDbjEVDexYcR8goTdUNmsls.png	assets/images/1fhlCDbjEVDexYcR8goTdUNmsls.png
https://framerusercontent.com/images/1fhlCDbjEVDexYcR8goTdUNmsls.png?scale-down-to=1024	assets/images/1fhlCDbjEVDexYcR8goTdUNmsls.scale-down-to-1024.png
https://framerusercontent.com/images/1fhlCDbjEVDexYcR8goTdUNmsls.png?scale-down-to=512	assets/images/1fhlCDbjEVDexYcR8goTdUNmsls.scale-down-to-512.png
https://framerusercontent.com/images/2tin7HptTarrTC8DIitH75EVQ.jpg	assets/images/2tin7HptTarrTC8DIitH75EVQ.jpg
https://framerusercontent.com/images/2tin7HptTarrTC8DIitH75EVQ.jpg?scale-down-to=1024	assets/images/2tin7HptTarrTC8DIitH75EVQ.scale-down-to-1024.jpg
https://framerusercontent.com/images/2tin7HptTarrTC8DIitH75EVQ.jpg?scale-down-to=512	assets/images/2tin7HptTarrTC8DIitH75EVQ.scale-down-to-512.jpg
https://framerusercontent.com/images/33VJrKx3DMSmnyZ7rPMfrWEvEa0.jpg	assets/images/33VJrKx3DMSmnyZ7rPMfrWEvEa0.jpg
https://framerusercontent.com/images/33VJrKx3DMSmnyZ7rPMfrWEvEa0.jpg?scale-down-to=512	assets/images/33VJrKx3DMSmnyZ7rPMfrWEvEa0.scale-down-to-512.jpg
https://framerusercontent.com/images/3AA2PFZxJbMHYE2l9lUM21d9OA.png	assets/images/3AA2PFZxJbMHYE2l9lUM21d9OA.png
https://framerusercontent.com/images/3AA2PFZxJbMHYE2l9lUM21d9OA.png?scale-down-to=1024	assets/images/3AA2PFZxJbMHYE2l9lUM21d9OA.scale-down-to-1024.png
https://framerusercontent.com/images/3AA2PFZxJbMHYE2l9lUM21d9OA.png?scale-down-to=512	assets/images/3AA2PFZxJbMHYE2l9lUM21d9OA.scale-down-to-512.png
https://framerusercontent.com/images/3D4rWxCQuWPVx7YcAnl1A7RxnU.png	assets/images/3D4rWxCQuWPVx7YcAnl1A7RxnU.png
https://framerusercontent.com/images/3D4rWxCQuWPVx7YcAnl1A7RxnU.png?scale-down-to=2048	assets/images/3D4rWxCQuWPVx7YcAnl1A7RxnU.scale-down-to-2048.png
https://framerusercontent.com/images/3DkzFNwBlz4k6IEy9imfN36ME.jpg	assets/images/3DkzFNwBlz4k6IEy9imfN36ME.jpg
https://framerusercontent.com/images/3DkzFNwBlz4k6IEy9imfN36ME.jpg?scale-down-to=1024	assets/images/3DkzFNwBlz4k6IEy9imfN36ME.scale-down-to-1024.jpg
https://framerusercontent.com/images/3DkzFNwBlz4k6IEy9imfN36ME.jpg?scale-down-to=2048	assets/images/3DkzFNwBlz4k6IEy9imfN36ME.scale-down-to-2048.jpg
https://framerusercontent.com/images/3EKVnCXh2NxVkwKlvQLP4ei5kM.png	assets/images/3EKVnCXh2NxVkwKlvQLP4ei5kM.png
https://framerusercontent.com/images/3EKVnCXh2NxVkwKlvQLP4ei5kM.png?scale-down-to=1024	assets/images/3EKVnCXh2NxVkwKlvQLP4ei5kM.scale-down-to-1024.png
https://framerusercontent.com/images/3EKVnCXh2NxVkwKlvQLP4ei5kM.png?scale-down-to=512	assets/images/3EKVnCXh2NxVkwKlvQLP4ei5kM.scale-down-to-512.png
https://framerusercontent.com/images/3YKke3KYf76U0NtBTL1jZ4KB5s.jpg	assets/images/3YKke3KYf76U0NtBTL1jZ4KB5s.jpg
https://framerusercontent.com/images/3YKke3KYf76U0NtBTL1jZ4KB5s.jpg?scale-down-to=1024	assets/images/3YKke3KYf76U0NtBTL1jZ4KB5s.scale-down-to-1024.jpg
https://framerusercontent.com/images/3YKke3KYf76U0NtBTL1jZ4KB5s.jpg?scale-down-to=512	assets/images/3YKke3KYf76U0NtBTL1jZ4KB5s.scale-down-to-512.jpg
https://framerusercontent.com/images/4bVagVwQFXYp8258uW0CfN1sEcw.png	assets/images/4bVagVwQFXYp8258uW0CfN1sEcw.png
https://framerusercontent.com/images/4bVagVwQFXYp8258uW0CfN1sEcw.png?scale-down-to=1024	assets/images/4bVagVwQFXYp8258uW0CfN1sEcw.scale-down-to-1024.png
https://framerusercontent.com/images/4i6uPl7AtyIr15No5BadbmXNgw8.png	assets/images/4i6uPl7AtyIr15No5BadbmXNgw8.png
https://framerusercontent.com/images/4iaEZRNv1yo6HFKAMrnlqo6ogvw.jpg	assets/images/4iaEZRNv1yo6HFKAMrnlqo6ogvw.jpg
https://framerusercontent.com/images/4iaEZRNv1yo6HFKAMrnlqo6ogvw.jpg?scale-down-to=1024	assets/images/4iaEZRNv1yo6HFKAMrnlqo6ogvw.scale-down-to-1024.jpg
https://framerusercontent.com/images/4iaEZRNv1yo6HFKAMrnlqo6ogvw.jpg?scale-down-to=512	assets/images/4iaEZRNv1yo6HFKAMrnlqo6ogvw.scale-down-to-512.jpg
https://framerusercontent.com/images/4jGSnGeQ8nbaGTjSjtSkR9ZD4n8.jpg	assets/images/4jGSnGeQ8nbaGTjSjtSkR9ZD4n8.jpg
https://framerusercontent.com/images/4jGSnGeQ8nbaGTjSjtSkR9ZD4n8.jpg?scale-down-to=1024	assets/images/4jGSnGeQ8nbaGTjSjtSkR9ZD4n8.scale-down-to-1024.jpg
https://framerusercontent.com/images/4jGSnGeQ8nbaGTjSjtSkR9ZD4n8.jpg?scale-down-to=512	assets/images/4jGSnGeQ8nbaGTjSjtSkR9ZD4n8.scale-down-to-512.jpg
https://framerusercontent.com/images/4rluy7tpZZKJyQv4H70wXiRIMME.gif	assets/images/4rluy7tpZZKJyQv4H70wXiRIMME.gif
https://framerusercontent.com/images/4rluy7tpZZKJyQv4H70wXiRIMME.gif?scale-down-to=512	assets/images/4rluy7tpZZKJyQv4H70wXiRIMME.scale-down-to-512.gif
https://framerusercontent.com/images/514vFYqkfrOmwWbOPXJzZrLsnPI.jpg	assets/images/514vFYqkfrOmwWbOPXJzZrLsnPI.jpg
https://framerusercontent.com/images/514vFYqkfrOmwWbOPXJzZrLsnPI.jpg?scale-down-to=1024	assets/images/514vFYqkfrOmwWbOPXJzZrLsnPI.scale-down-to-1024.jpg
https://framerusercontent.com/images/5B62VGVavVQALlXLa3RiRE9hws.png	assets/images/5B62VGVavVQALlXLa3RiRE9hws.png
https://framerusercontent.com/images/5B62VGVavVQALlXLa3RiRE9hws.png?scale-down-to=1024	assets/images/5B62VGVavVQALlXLa3RiRE9hws.scale-down-to-1024.png
https://framerusercontent.com/images/5B62VGVavVQALlXLa3RiRE9hws.png?scale-down-to=512	assets/images/5B62VGVavVQALlXLa3RiRE9hws.scale-down-to-512.png
https://framerusercontent.com/images/5Xzm2qTRmTdaRirzDu92yvYhGtw.png	assets/images/5Xzm2qTRmTdaRirzDu92yvYhGtw.png
https://framerusercontent.com/images/5Xzm2qTRmTdaRirzDu92yvYhGtw.png?scale-down-to=1024	assets/images/5Xzm2qTRmTdaRirzDu92yvYhGtw.scale-down-to-1024.png
https://framerusercontent.com/images/5agxGatMz4ODBBkhfl6L4VWyJxY.jpg	assets/images/5agxGatMz4ODBBkhfl6L4VWyJxY.jpg
https://framerusercontent.com/images/5agxGatMz4ODBBkhfl6L4VWyJxY.jpg?scale-down-to=1024	assets/images/5agxGatMz4ODBBkhfl6L4VWyJxY.scale-down-to-1024.jpg
https://framerusercontent.com/images/5agxGatMz4ODBBkhfl6L4VWyJxY.jpg?scale-down-to=512	assets/images/5agxGatMz4ODBBkhfl6L4VWyJxY.scale-down-to-512.jpg
https://framerusercontent.com/images/5i7OBqZZLzJaOdbSVps5hGNBcM.jpeg	assets/images/5i7OBqZZLzJaOdbSVps5hGNBcM.jpeg
https://framerusercontent.com/images/5jEsO3ZYJBEgu8BuCxqwctWAkW8.png	assets/images/5jEsO3ZYJBEgu8BuCxqwctWAkW8.png
https://framerusercontent.com/images/5pOgf6QObPmbZOYHyUxzigLjIsE.jpg	assets/images/5pOgf6QObPmbZOYHyUxzigLjIsE.jpg
https://framerusercontent.com/images/5pOgf6QObPmbZOYHyUxzigLjIsE.jpg?scale-down-to=1024	assets/images/5pOgf6QObPmbZOYHyUxzigLjIsE.scale-down-to-1024.jpg
https://framerusercontent.com/images/5pOgf6QObPmbZOYHyUxzigLjIsE.jpg?scale-down-to=2048	assets/images/5pOgf6QObPmbZOYHyUxzigLjIsE.scale-down-to-2048.jpg
https://framerusercontent.com/images/5pOgf6QObPmbZOYHyUxzigLjIsE.jpg?scale-down-to=4096	assets/images/5pOgf6QObPmbZOYHyUxzigLjIsE.scale-down-to-4096.jpg
https://framerusercontent.com/images/5pOgf6QObPmbZOYHyUxzigLjIsE.jpg?scale-down-to=512	assets/images/5pOgf6QObPmbZOYHyUxzigLjIsE.scale-down-to-512.jpg
https://framerusercontent.com/images/64lvjWnwQHirpNlwQd6J9LMI2ng.png	assets/images/64lvjWnwQHirpNlwQd6J9LMI2ng.png
https://framerusercontent.com/images/64lvjWnwQHirpNlwQd6J9LMI2ng.png?scale-down-to=512	assets/images/64lvjWnwQHirpNlwQd6J9LMI2ng.scale-down-to-512.png
https://framerusercontent.com/images/6UlKjsnDhy7gh9RLGmr8XA9hIU.jpg	assets/images/6UlKjsnDhy7gh9RLGmr8XA9hIU.jpg
https://framerusercontent.com/images/6UlKjsnDhy7gh9RLGmr8XA9hIU.jpg?scale-down-to=1024	assets/images/6UlKjsnDhy7gh9RLGmr8XA9hIU.scale-down-to-1024.jpg
https://framerusercontent.com/images/6mhU795Dd5FfWPBxJOpjyb9v3s.webp	assets/images/6mhU795Dd5FfWPBxJOpjyb9v3s.webp
https://framerusercontent.com/images/6mhU795Dd5FfWPBxJOpjyb9v3s.webp?scale-down-to=512	assets/images/6mhU795Dd5FfWPBxJOpjyb9v3s.scale-down-to-512.webp
https://framerusercontent.com/images/75U4g538r4iYQzQ0TOeDuK6GDmU.png	assets/images/75U4g538r4iYQzQ0TOeDuK6GDmU.png
https://framerusercontent.com/images/75U4g538r4iYQzQ0TOeDuK6GDmU.png?scale-down-to=1024	assets/images/75U4g538r4iYQzQ0TOeDuK6GDmU.scale-down-to-1024.png
https://framerusercontent.com/images/75U4g538r4iYQzQ0TOeDuK6GDmU.png?scale-down-to=2048	assets/images/75U4g538r4iYQzQ0TOeDuK6GDmU.scale-down-to-2048.png
https://framerusercontent.com/images/75U4g538r4iYQzQ0TOeDuK6GDmU.png?scale-down-to=512	assets/images/75U4g538r4iYQzQ0TOeDuK6GDmU.scale-down-to-512.png
https://framerusercontent.com/images/7DoJhGwmf3Vosk9L7BMcss0P5lY.png	assets/images/7DoJhGwmf3Vosk9L7BMcss0P5lY.png
https://framerusercontent.com/images/7Zd6nYq3rVKh72GuTluttWnVCQ.png	assets/images/7Zd6nYq3rVKh72GuTluttWnVCQ.png
https://framerusercontent.com/images/7Zd6nYq3rVKh72GuTluttWnVCQ.png?scale-down-to=1024	assets/images/7Zd6nYq3rVKh72GuTluttWnVCQ.scale-down-to-1024.png
https://framerusercontent.com/images/7Zd6nYq3rVKh72GuTluttWnVCQ.png?scale-down-to=2048	assets/images/7Zd6nYq3rVKh72GuTluttWnVCQ.scale-down-to-2048.png
https://framerusercontent.com/images/7Zd6nYq3rVKh72GuTluttWnVCQ.png?scale-down-to=512	assets/images/7Zd6nYq3rVKh72GuTluttWnVCQ.scale-down-to-512.png
https://framerusercontent.com/images/7sIoXM2K4gSbbHHY3yENywcqA.gif	assets/images/7sIoXM2K4gSbbHHY3yENywcqA.gif
https://framerusercontent.com/images/80Ldxfud2YlDVux1OYlSopohUI.jpg	assets/images/80Ldxfud2YlDVux1OYlSopohUI.jpg
https://framerusercontent.com/images/80Ldxfud2YlDVux1OYlSopohUI.jpg?scale-down-to=1024	assets/images/80Ldxfud2YlDVux1OYlSopohUI.scale-down-to-1024.jpg
https://framerusercontent.com/images/80Ldxfud2YlDVux1OYlSopohUI.jpg?scale-down-to=512	assets/images/80Ldxfud2YlDVux1OYlSopohUI.scale-down-to-512.jpg
https://framerusercontent.com/images/88Jc8tkMHe0VF4xFG43Xafs.png	assets/images/88Jc8tkMHe0VF4xFG43Xafs.png
https://framerusercontent.com/images/88Jc8tkMHe0VF4xFG43Xafs.png?scale-down-to=1024	assets/images/88Jc8tkMHe0VF4xFG43Xafs.scale-down-to-1024.png
https://framerusercontent.com/images/88Jc8tkMHe0VF4xFG43Xafs.png?scale-down-to=2048	assets/images/88Jc8tkMHe0VF4xFG43Xafs.scale-down-to-2048.png
https://framerusercontent.com/images/88Jc8tkMHe0VF4xFG43Xafs.png?scale-down-to=512	assets/images/88Jc8tkMHe0VF4xFG43Xafs.scale-down-to-512.png
https://framerusercontent.com/images/8PhTUcNAxWhySMlOIfPa8F7WRU.png	assets/images/8PhTUcNAxWhySMlOIfPa8F7WRU.png
https://framerusercontent.com/images/8PhTUcNAxWhySMlOIfPa8F7WRU.png?scale-down-to=1024	assets/images/8PhTUcNAxWhySMlOIfPa8F7WRU.scale-down-to-1024.png
https://framerusercontent.com/images/8PhTUcNAxWhySMlOIfPa8F7WRU.png?scale-down-to=512	assets/images/8PhTUcNAxWhySMlOIfPa8F7WRU.scale-down-to-512.png
https://framerusercontent.com/images/8oAwyKF9r6EPOPquE0JRcOTYibQ.png	assets/images/8oAwyKF9r6EPOPquE0JRcOTYibQ.png
https://framerusercontent.com/images/8oAwyKF9r6EPOPquE0JRcOTYibQ.png?scale-down-to=1024	assets/images/8oAwyKF9r6EPOPquE0JRcOTYibQ.scale-down-to-1024.png
https://framerusercontent.com/images/8oAwyKF9r6EPOPquE0JRcOTYibQ.png?scale-down-to=2048	assets/images/8oAwyKF9r6EPOPquE0JRcOTYibQ.scale-down-to-2048.png
https://framerusercontent.com/images/8oAwyKF9r6EPOPquE0JRcOTYibQ.png?scale-down-to=512	assets/images/8oAwyKF9r6EPOPquE0JRcOTYibQ.scale-down-to-512.png
https://framerusercontent.com/images/90xnvj6Sbfba0l7ou69OtIPciCY.png	assets/images/90xnvj6Sbfba0l7ou69OtIPciCY.png
https://framerusercontent.com/images/9efv5Mb8iSFptNgkqWGH8nOGV7A.jpg	assets/images/9efv5Mb8iSFptNgkqWGH8nOGV7A.jpg
https://framerusercontent.com/images/9efv5Mb8iSFptNgkqWGH8nOGV7A.jpg?scale-down-to=1024	assets/images/9efv5Mb8iSFptNgkqWGH8nOGV7A.scale-down-to-1024.jpg
https://framerusercontent.com/images/9efv5Mb8iSFptNgkqWGH8nOGV7A.jpg?scale-down-to=512	assets/images/9efv5Mb8iSFptNgkqWGH8nOGV7A.scale-down-to-512.jpg
https://framerusercontent.com/images/9iiMsETt9Hol0b5xagtX8gj0JQ.png	assets/images/9iiMsETt9Hol0b5xagtX8gj0JQ.png
https://framerusercontent.com/images/9iiMsETt9Hol0b5xagtX8gj0JQ.png?scale-down-to=1024	assets/images/9iiMsETt9Hol0b5xagtX8gj0JQ.scale-down-to-1024.png
https://framerusercontent.com/images/9o46jDracvLgf0hOog94D2Uz3XM.jpg	assets/images/9o46jDracvLgf0hOog94D2Uz3XM.jpg
https://framerusercontent.com/images/9o46jDracvLgf0hOog94D2Uz3XM.jpg?scale-down-to=1024	assets/images/9o46jDracvLgf0hOog94D2Uz3XM.scale-down-to-1024.jpg
https://framerusercontent.com/images/9o46jDracvLgf0hOog94D2Uz3XM.jpg?scale-down-to=2048	assets/images/9o46jDracvLgf0hOog94D2Uz3XM.scale-down-to-2048.jpg
https://framerusercontent.com/images/9o46jDracvLgf0hOog94D2Uz3XM.jpg?scale-down-to=4096	assets/images/9o46jDracvLgf0hOog94D2Uz3XM.scale-down-to-4096.jpg
https://framerusercontent.com/images/9o46jDracvLgf0hOog94D2Uz3XM.jpg?scale-down-to=512	assets/images/9o46jDracvLgf0hOog94D2Uz3XM.scale-down-to-512.jpg
https://framerusercontent.com/images/9sORdBR74DjKlHMGaDO924gNtk.png	assets/images/9sORdBR74DjKlHMGaDO924gNtk.png
https://framerusercontent.com/images/9sORdBR74DjKlHMGaDO924gNtk.png?scale-down-to=1024	assets/images/9sORdBR74DjKlHMGaDO924gNtk.scale-down-to-1024.png
https://framerusercontent.com/images/9sORdBR74DjKlHMGaDO924gNtk.png?scale-down-to=512	assets/images/9sORdBR74DjKlHMGaDO924gNtk.scale-down-to-512.png
https://framerusercontent.com/images/9xpVamhBjV8kQZF183cxtQqjaTU.jpg	assets/images/9xpVamhBjV8kQZF183cxtQqjaTU.jpg
https://framerusercontent.com/images/9xpVamhBjV8kQZF183cxtQqjaTU.jpg?scale-down-to=1024	assets/images/9xpVamhBjV8kQZF183cxtQqjaTU.scale-down-to-1024.jpg
https://framerusercontent.com/images/9xpVamhBjV8kQZF183cxtQqjaTU.jpg?scale-down-to=512	assets/images/9xpVamhBjV8kQZF183cxtQqjaTU.scale-down-to-512.jpg
https://framerusercontent.com/images/A6I7SWfy67abtCB1FZ034OW25zQ.png	assets/images/A6I7SWfy67abtCB1FZ034OW25zQ.png
https://framerusercontent.com/images/A6I7SWfy67abtCB1FZ034OW25zQ.png?scale-down-to=1024	assets/images/A6I7SWfy67abtCB1FZ034OW25zQ.scale-down-to-1024.png
https://framerusercontent.com/images/AGQLxg32wHuyzxhUOvqhq1Dnzk.png	assets/images/AGQLxg32wHuyzxhUOvqhq1Dnzk.png
https://framerusercontent.com/images/AGQLxg32wHuyzxhUOvqhq1Dnzk.png?scale-down-to=1024	assets/images/AGQLxg32wHuyzxhUOvqhq1Dnzk.scale-down-to-1024.png
https://framerusercontent.com/images/AGQLxg32wHuyzxhUOvqhq1Dnzk.png?scale-down-to=512	assets/images/AGQLxg32wHuyzxhUOvqhq1Dnzk.scale-down-to-512.png
https://framerusercontent.com/images/AYzZF8foJME2WaaZSxSmfikEw.jpg	assets/images/AYzZF8foJME2WaaZSxSmfikEw.jpg
https://framerusercontent.com/images/AYzZF8foJME2WaaZSxSmfikEw.jpg?scale-down-to=1024	assets/images/AYzZF8foJME2WaaZSxSmfikEw.scale-down-to-1024.jpg
https://framerusercontent.com/images/AYzZF8foJME2WaaZSxSmfikEw.jpg?scale-down-to=512	assets/images/AYzZF8foJME2WaaZSxSmfikEw.scale-down-to-512.jpg
https://framerusercontent.com/images/ArgazOjMSx6g3zjOLsv7ZnXFM.jpg	assets/images/ArgazOjMSx6g3zjOLsv7ZnXFM.jpg
https://framerusercontent.com/images/ArgazOjMSx6g3zjOLsv7ZnXFM.jpg?scale-down-to=1024	assets/images/ArgazOjMSx6g3zjOLsv7ZnXFM.scale-down-to-1024.jpg
https://framerusercontent.com/images/B4UNrsfAatUwLOfi1BEJB85sM.jpg	assets/images/B4UNrsfAatUwLOfi1BEJB85sM.jpg
https://framerusercontent.com/images/B4UNrsfAatUwLOfi1BEJB85sM.jpg?scale-down-to=1024	assets/images/B4UNrsfAatUwLOfi1BEJB85sM.scale-down-to-1024.jpg
https://framerusercontent.com/images/B4UNrsfAatUwLOfi1BEJB85sM.jpg?scale-down-to=2048	assets/images/B4UNrsfAatUwLOfi1BEJB85sM.scale-down-to-2048.jpg
https://framerusercontent.com/images/C0qdO1p0T8WqxPcl8cnm9je4zHw.png	assets/images/C0qdO1p0T8WqxPcl8cnm9je4zHw.png
https://framerusercontent.com/images/C0qdO1p0T8WqxPcl8cnm9je4zHw.png?scale-down-to=1024	assets/images/C0qdO1p0T8WqxPcl8cnm9je4zHw.scale-down-to-1024.png
https://framerusercontent.com/images/C0qdO1p0T8WqxPcl8cnm9je4zHw.png?scale-down-to=512	assets/images/C0qdO1p0T8WqxPcl8cnm9je4zHw.scale-down-to-512.png
https://framerusercontent.com/images/C6iHr1aX5Rx6hqFiRvbuMCtCEfg.png	assets/images/C6iHr1aX5Rx6hqFiRvbuMCtCEfg.png
https://framerusercontent.com/images/C6iHr1aX5Rx6hqFiRvbuMCtCEfg.png?scale-down-to=1024	assets/images/C6iHr1aX5Rx6hqFiRvbuMCtCEfg.scale-down-to-1024.png
https://framerusercontent.com/images/C6iHr1aX5Rx6hqFiRvbuMCtCEfg.png?scale-down-to=2048	assets/images/C6iHr1aX5Rx6hqFiRvbuMCtCEfg.scale-down-to-2048.png
https://framerusercontent.com/images/C6iHr1aX5Rx6hqFiRvbuMCtCEfg.png?scale-down-to=512	assets/images/C6iHr1aX5Rx6hqFiRvbuMCtCEfg.scale-down-to-512.png
https://framerusercontent.com/images/CU86T6BysAO5M7TqqOVqyQaogs.png	assets/images/CU86T6BysAO5M7TqqOVqyQaogs.png
https://framerusercontent.com/images/CU86T6BysAO5M7TqqOVqyQaogs.png?scale-down-to=512	assets/images/CU86T6BysAO5M7TqqOVqyQaogs.scale-down-to-512.png
https://framerusercontent.com/images/CbN4hq4C1OP68G9C0ZjSItjvhwc.png	assets/images/CbN4hq4C1OP68G9C0ZjSItjvhwc.png
https://framerusercontent.com/images/CbN4hq4C1OP68G9C0ZjSItjvhwc.png?scale-down-to=1024	assets/images/CbN4hq4C1OP68G9C0ZjSItjvhwc.scale-down-to-1024.png
https://framerusercontent.com/images/Ct6RIuj4wxdrkhfduO9qF5m6Lc.jpg	assets/images/Ct6RIuj4wxdrkhfduO9qF5m6Lc.jpg
https://framerusercontent.com/images/Ct6RIuj4wxdrkhfduO9qF5m6Lc.jpg?scale-down-to=1024	assets/images/Ct6RIuj4wxdrkhfduO9qF5m6Lc.scale-down-to-1024.jpg
https://framerusercontent.com/images/Ct6RIuj4wxdrkhfduO9qF5m6Lc.jpg?scale-down-to=2048	assets/images/Ct6RIuj4wxdrkhfduO9qF5m6Lc.scale-down-to-2048.jpg
https://framerusercontent.com/images/Ct6RIuj4wxdrkhfduO9qF5m6Lc.jpg?scale-down-to=512	assets/images/Ct6RIuj4wxdrkhfduO9qF5m6Lc.scale-down-to-512.jpg
https://framerusercontent.com/images/DHNsXOqWjxvWpmz5gdax9PHJE.jpg	assets/images/DHNsXOqWjxvWpmz5gdax9PHJE.jpg
https://framerusercontent.com/images/DHNsXOqWjxvWpmz5gdax9PHJE.jpg?scale-down-to=1024	assets/images/DHNsXOqWjxvWpmz5gdax9PHJE.scale-down-to-1024.jpg
https://framerusercontent.com/images/DRzpe58xPgN3mP656e9VdiuLU.png	assets/images/DRzpe58xPgN3mP656e9VdiuLU.png
https://framerusercontent.com/images/DRzpe58xPgN3mP656e9VdiuLU.png?scale-down-to=2048	assets/images/DRzpe58xPgN3mP656e9VdiuLU.scale-down-to-2048.png
https://framerusercontent.com/images/DTTXY1e6labz2O2LQfDAQwvyqv0.jpg	assets/images/DTTXY1e6labz2O2LQfDAQwvyqv0.jpg
https://framerusercontent.com/images/DTTXY1e6labz2O2LQfDAQwvyqv0.jpg?scale-down-to=1024	assets/images/DTTXY1e6labz2O2LQfDAQwvyqv0.scale-down-to-1024.jpg
https://framerusercontent.com/images/DTTXY1e6labz2O2LQfDAQwvyqv0.jpg?scale-down-to=2048	assets/images/DTTXY1e6labz2O2LQfDAQwvyqv0.scale-down-to-2048.jpg
https://framerusercontent.com/images/DUG9yKVjSRYWhRCSRYIlQr0tkh0.png	assets/images/DUG9yKVjSRYWhRCSRYIlQr0tkh0.png
https://framerusercontent.com/images/DYEhG07Hy40VttBcxiqCf1RR7mU.gif	assets/images/DYEhG07Hy40VttBcxiqCf1RR7mU.gif
https://framerusercontent.com/images/DtKKkdsI9vOobQF94LMXq5hCng.jpg	assets/images/DtKKkdsI9vOobQF94LMXq5hCng.jpg
https://framerusercontent.com/images/DtKKkdsI9vOobQF94LMXq5hCng.jpg?scale-down-to=1024	assets/images/DtKKkdsI9vOobQF94LMXq5hCng.scale-down-to-1024.jpg
https://framerusercontent.com/images/DtKKkdsI9vOobQF94LMXq5hCng.jpg?scale-down-to=512	assets/images/DtKKkdsI9vOobQF94LMXq5hCng.scale-down-to-512.jpg
https://framerusercontent.com/images/EASK86CfuchCogd2JvFDZdnkBc4.gif	assets/images/EASK86CfuchCogd2JvFDZdnkBc4.gif
https://framerusercontent.com/images/EUTlCgMYInPMA70G5ieT7XKWoHk.jpg	assets/images/EUTlCgMYInPMA70G5ieT7XKWoHk.jpg
https://framerusercontent.com/images/EUTlCgMYInPMA70G5ieT7XKWoHk.jpg?scale-down-to=1024	assets/images/EUTlCgMYInPMA70G5ieT7XKWoHk.scale-down-to-1024.jpg
https://framerusercontent.com/images/EUTlCgMYInPMA70G5ieT7XKWoHk.jpg?scale-down-to=2048	assets/images/EUTlCgMYInPMA70G5ieT7XKWoHk.scale-down-to-2048.jpg
https://framerusercontent.com/images/EhOhUnJMfm5LNpZrZO9nHD79c.png	assets/images/EhOhUnJMfm5LNpZrZO9nHD79c.png
https://framerusercontent.com/images/EhOhUnJMfm5LNpZrZO9nHD79c.png?scale-down-to=1024	assets/images/EhOhUnJMfm5LNpZrZO9nHD79c.scale-down-to-1024.png
https://framerusercontent.com/images/Fmf5Iem5XeZyhH1i9TuPVGuOQOg.gif	assets/images/Fmf5Iem5XeZyhH1i9TuPVGuOQOg.gif
https://framerusercontent.com/images/Fmf5Iem5XeZyhH1i9TuPVGuOQOg.gif?scale-down-to=512	assets/images/Fmf5Iem5XeZyhH1i9TuPVGuOQOg.scale-down-to-512.gif
https://framerusercontent.com/images/G5q7gfoWspsqW91G5gxPHZ56TQ.png	assets/images/G5q7gfoWspsqW91G5gxPHZ56TQ.png
https://framerusercontent.com/images/G5q7gfoWspsqW91G5gxPHZ56TQ.png?scale-down-to=512	assets/images/G5q7gfoWspsqW91G5gxPHZ56TQ.scale-down-to-512.png
https://framerusercontent.com/images/H431PZkO33xsX0jt5czQJOirPsI.jpg	assets/images/H431PZkO33xsX0jt5czQJOirPsI.jpg
https://framerusercontent.com/images/H431PZkO33xsX0jt5czQJOirPsI.jpg?scale-down-to=1024	assets/images/H431PZkO33xsX0jt5czQJOirPsI.scale-down-to-1024.jpg
https://framerusercontent.com/images/H431PZkO33xsX0jt5czQJOirPsI.jpg?scale-down-to=2048	assets/images/H431PZkO33xsX0jt5czQJOirPsI.scale-down-to-2048.jpg
https://framerusercontent.com/images/HuU99z3yyNYMJ7aQpqbW84hZs4.png	assets/images/HuU99z3yyNYMJ7aQpqbW84hZs4.png
https://framerusercontent.com/images/IhlRXZzAtynlpuyTk3MUrJruPZA.jpg	assets/images/IhlRXZzAtynlpuyTk3MUrJruPZA.jpg
https://framerusercontent.com/images/IhlRXZzAtynlpuyTk3MUrJruPZA.jpg?scale-down-to=1024	assets/images/IhlRXZzAtynlpuyTk3MUrJruPZA.scale-down-to-1024.jpg
https://framerusercontent.com/images/IhlRXZzAtynlpuyTk3MUrJruPZA.jpg?scale-down-to=2048	assets/images/IhlRXZzAtynlpuyTk3MUrJruPZA.scale-down-to-2048.jpg
https://framerusercontent.com/images/IvGgc5vX8M0ii9vCIWOxoe37k.png	assets/images/IvGgc5vX8M0ii9vCIWOxoe37k.png
https://framerusercontent.com/images/IvGgc5vX8M0ii9vCIWOxoe37k.png?scale-down-to=1024	assets/images/IvGgc5vX8M0ii9vCIWOxoe37k.scale-down-to-1024.png
https://framerusercontent.com/images/IvGgc5vX8M0ii9vCIWOxoe37k.png?scale-down-to=512	assets/images/IvGgc5vX8M0ii9vCIWOxoe37k.scale-down-to-512.png
https://framerusercontent.com/images/Jt2vvctY5vhY1vTVyDFXCXmMav8.png	assets/images/Jt2vvctY5vhY1vTVyDFXCXmMav8.png
https://framerusercontent.com/images/Jt2vvctY5vhY1vTVyDFXCXmMav8.png?scale-down-to=1024	assets/images/Jt2vvctY5vhY1vTVyDFXCXmMav8.scale-down-to-1024.png
https://framerusercontent.com/images/Jt2vvctY5vhY1vTVyDFXCXmMav8.png?scale-down-to=512	assets/images/Jt2vvctY5vhY1vTVyDFXCXmMav8.scale-down-to-512.png
https://framerusercontent.com/images/KCdOYObKaerbzEddbJGkajSJb8.gif	assets/images/KCdOYObKaerbzEddbJGkajSJb8.gif
https://framerusercontent.com/images/KCdOYObKaerbzEddbJGkajSJb8.gif?scale-down-to=512	assets/images/KCdOYObKaerbzEddbJGkajSJb8.scale-down-to-512.gif
https://framerusercontent.com/images/KEqr7ZGr1ZAMzoXZRWHwnNOFdY.jpg	assets/images/KEqr7ZGr1ZAMzoXZRWHwnNOFdY.jpg
https://framerusercontent.com/images/KEqr7ZGr1ZAMzoXZRWHwnNOFdY.jpg?scale-down-to=512	assets/images/KEqr7ZGr1ZAMzoXZRWHwnNOFdY.scale-down-to-512.jpg
https://framerusercontent.com/images/L5863yr4bhjjfg7hsY1r1VNIBc.jpg	assets/images/L5863yr4bhjjfg7hsY1r1VNIBc.jpg
https://framerusercontent.com/images/L5863yr4bhjjfg7hsY1r1VNIBc.jpg?scale-down-to=1024	assets/images/L5863yr4bhjjfg7hsY1r1VNIBc.scale-down-to-1024.jpg
https://framerusercontent.com/images/L5863yr4bhjjfg7hsY1r1VNIBc.jpg?scale-down-to=512	assets/images/L5863yr4bhjjfg7hsY1r1VNIBc.scale-down-to-512.jpg
https://framerusercontent.com/images/L9On8mWAkDSfNoeCTMYNWQ8ck.png	assets/images/L9On8mWAkDSfNoeCTMYNWQ8ck.png
https://framerusercontent.com/images/L9On8mWAkDSfNoeCTMYNWQ8ck.png?scale-down-to=1024	assets/images/L9On8mWAkDSfNoeCTMYNWQ8ck.scale-down-to-1024.png
https://framerusercontent.com/images/LEcVYCikS2I9VRtAn3jT7wyHKE.jpg	assets/images/LEcVYCikS2I9VRtAn3jT7wyHKE.jpg
https://framerusercontent.com/images/LEcVYCikS2I9VRtAn3jT7wyHKE.jpg?scale-down-to=1024	assets/images/LEcVYCikS2I9VRtAn3jT7wyHKE.scale-down-to-1024.jpg
https://framerusercontent.com/images/LEcVYCikS2I9VRtAn3jT7wyHKE.jpg?scale-down-to=512	assets/images/LEcVYCikS2I9VRtAn3jT7wyHKE.scale-down-to-512.jpg
https://framerusercontent.com/images/LIhZm6dhrn1dvn3kfSa6EvPSqo.png	assets/images/LIhZm6dhrn1dvn3kfSa6EvPSqo.png
https://framerusercontent.com/images/LIhZm6dhrn1dvn3kfSa6EvPSqo.png?scale-down-to=1024	assets/images/LIhZm6dhrn1dvn3kfSa6EvPSqo.scale-down-to-1024.png
https://framerusercontent.com/images/Lh47FOLKTqBo96Xk6DgLApQ1Q.png	assets/images/Lh47FOLKTqBo96Xk6DgLApQ1Q.png
https://framerusercontent.com/images/Lh47FOLKTqBo96Xk6DgLApQ1Q.png?scale-down-to=1024	assets/images/Lh47FOLKTqBo96Xk6DgLApQ1Q.scale-down-to-1024.png
https://framerusercontent.com/images/Lh47FOLKTqBo96Xk6DgLApQ1Q.png?scale-down-to=512	assets/images/Lh47FOLKTqBo96Xk6DgLApQ1Q.scale-down-to-512.png
https://framerusercontent.com/images/LpKefeWOkZ4AEJqixVu9MZTM.jpg	assets/images/LpKefeWOkZ4AEJqixVu9MZTM.jpg
https://framerusercontent.com/images/LpKefeWOkZ4AEJqixVu9MZTM.jpg?scale-down-to=1024	assets/images/LpKefeWOkZ4AEJqixVu9MZTM.scale-down-to-1024.jpg
https://framerusercontent.com/images/LpKefeWOkZ4AEJqixVu9MZTM.jpg?scale-down-to=2048	assets/images/LpKefeWOkZ4AEJqixVu9MZTM.scale-down-to-2048.jpg
https://framerusercontent.com/images/Lvs4QgFE6QS0MaEaOPmPmsskZw.png	assets/images/Lvs4QgFE6QS0MaEaOPmPmsskZw.png
https://framerusercontent.com/images/Lvs4QgFE6QS0MaEaOPmPmsskZw.png?scale-down-to=1024	assets/images/Lvs4QgFE6QS0MaEaOPmPmsskZw.scale-down-to-1024.png
https://framerusercontent.com/images/Lvs4QgFE6QS0MaEaOPmPmsskZw.png?scale-down-to=2048	assets/images/Lvs4QgFE6QS0MaEaOPmPmsskZw.scale-down-to-2048.png
https://framerusercontent.com/images/Lvs4QgFE6QS0MaEaOPmPmsskZw.png?scale-down-to=512	assets/images/Lvs4QgFE6QS0MaEaOPmPmsskZw.scale-down-to-512.png
https://framerusercontent.com/images/MQKGNxO5QJ27m9zifJHANqQ9unA.png	assets/images/MQKGNxO5QJ27m9zifJHANqQ9unA.png
https://framerusercontent.com/images/MQKGNxO5QJ27m9zifJHANqQ9unA.png?scale-down-to=1024	assets/images/MQKGNxO5QJ27m9zifJHANqQ9unA.scale-down-to-1024.png
https://framerusercontent.com/images/N1MwP0U0iHkd6yfUKZvBBcvYxxA.png	assets/images/N1MwP0U0iHkd6yfUKZvBBcvYxxA.png
https://framerusercontent.com/images/N1MwP0U0iHkd6yfUKZvBBcvYxxA.png?scale-down-to=1024	assets/images/N1MwP0U0iHkd6yfUKZvBBcvYxxA.scale-down-to-1024.png
https://framerusercontent.com/images/N1MwP0U0iHkd6yfUKZvBBcvYxxA.png?scale-down-to=2048	assets/images/N1MwP0U0iHkd6yfUKZvBBcvYxxA.scale-down-to-2048.png
https://framerusercontent.com/images/N1MwP0U0iHkd6yfUKZvBBcvYxxA.png?scale-down-to=512	assets/images/N1MwP0U0iHkd6yfUKZvBBcvYxxA.scale-down-to-512.png
https://framerusercontent.com/images/NSHZ3mvKuW0j9vIMVlaaSzVqVEY.jpg	assets/images/NSHZ3mvKuW0j9vIMVlaaSzVqVEY.jpg
https://framerusercontent.com/images/NSHZ3mvKuW0j9vIMVlaaSzVqVEY.jpg?scale-down-to=1024	assets/images/NSHZ3mvKuW0j9vIMVlaaSzVqVEY.scale-down-to-1024.jpg
https://framerusercontent.com/images/NSHZ3mvKuW0j9vIMVlaaSzVqVEY.jpg?scale-down-to=2048	assets/images/NSHZ3mvKuW0j9vIMVlaaSzVqVEY.scale-down-to-2048.jpg
https://framerusercontent.com/images/NxJEjQ6dD829PSKCKZfH2i65d2Y.jpg	assets/images/NxJEjQ6dD829PSKCKZfH2i65d2Y.jpg
https://framerusercontent.com/images/NxJEjQ6dD829PSKCKZfH2i65d2Y.jpg?scale-down-to=512	assets/images/NxJEjQ6dD829PSKCKZfH2i65d2Y.scale-down-to-512.jpg
https://framerusercontent.com/images/OM280ybJLpZUNCj2FlH8S5lFryU.png	assets/images/OM280ybJLpZUNCj2FlH8S5lFryU.png
https://framerusercontent.com/images/OM280ybJLpZUNCj2FlH8S5lFryU.png?scale-down-to=1024	assets/images/OM280ybJLpZUNCj2FlH8S5lFryU.scale-down-to-1024.png
https://framerusercontent.com/images/OM280ybJLpZUNCj2FlH8S5lFryU.png?scale-down-to=2048	assets/images/OM280ybJLpZUNCj2FlH8S5lFryU.scale-down-to-2048.png
https://framerusercontent.com/images/OM280ybJLpZUNCj2FlH8S5lFryU.png?scale-down-to=512	assets/images/OM280ybJLpZUNCj2FlH8S5lFryU.scale-down-to-512.png
https://framerusercontent.com/images/ORey4yU3grKgegFtKNLDXsX1J1k.png	assets/images/ORey4yU3grKgegFtKNLDXsX1J1k.png
https://framerusercontent.com/images/OVA7qqY6DGG2dsxxAiYIV5KmwnM.png	assets/images/OVA7qqY6DGG2dsxxAiYIV5KmwnM.png
https://framerusercontent.com/images/OWrgDWmu57nrLTInG39kCda5vfo.png	assets/images/OWrgDWmu57nrLTInG39kCda5vfo.png
https://framerusercontent.com/images/OWrgDWmu57nrLTInG39kCda5vfo.png?scale-down-to=1024	assets/images/OWrgDWmu57nrLTInG39kCda5vfo.scale-down-to-1024.png
https://framerusercontent.com/images/OWrgDWmu57nrLTInG39kCda5vfo.png?scale-down-to=512	assets/images/OWrgDWmu57nrLTInG39kCda5vfo.scale-down-to-512.png
https://framerusercontent.com/images/Ors3NJ758mriLuBJXwZUNSB3gE4.png	assets/images/Ors3NJ758mriLuBJXwZUNSB3gE4.png
https://framerusercontent.com/images/Ors3NJ758mriLuBJXwZUNSB3gE4.png?scale-down-to=1024	assets/images/Ors3NJ758mriLuBJXwZUNSB3gE4.scale-down-to-1024.png
https://framerusercontent.com/images/Ors3NJ758mriLuBJXwZUNSB3gE4.png?scale-down-to=512	assets/images/Ors3NJ758mriLuBJXwZUNSB3gE4.scale-down-to-512.png
https://framerusercontent.com/images/PpzOGq3nZJvjVN9D4FhIuzPu0M.png	assets/images/PpzOGq3nZJvjVN9D4FhIuzPu0M.png
https://framerusercontent.com/images/PpzOGq3nZJvjVN9D4FhIuzPu0M.png?scale-down-to=512	assets/images/PpzOGq3nZJvjVN9D4FhIuzPu0M.scale-down-to-512.png
https://framerusercontent.com/images/QWtGS4RRXuLtU1evpi0PyNROBA4.jpeg	assets/images/QWtGS4RRXuLtU1evpi0PyNROBA4.jpeg
https://framerusercontent.com/images/QffJta180dsbtnQVExauyVdBZQ.png	assets/images/QffJta180dsbtnQVExauyVdBZQ.png
https://framerusercontent.com/images/QffJta180dsbtnQVExauyVdBZQ.png?scale-down-to=512	assets/images/QffJta180dsbtnQVExauyVdBZQ.scale-down-to-512.png
https://framerusercontent.com/images/QgwxfzxeLkja57SC7jZevdMfOU.jpg	assets/images/QgwxfzxeLkja57SC7jZevdMfOU.jpg
https://framerusercontent.com/images/QgwxfzxeLkja57SC7jZevdMfOU.jpg?scale-down-to=1024	assets/images/QgwxfzxeLkja57SC7jZevdMfOU.scale-down-to-1024.jpg
https://framerusercontent.com/images/QgwxfzxeLkja57SC7jZevdMfOU.jpg?scale-down-to=512	assets/images/QgwxfzxeLkja57SC7jZevdMfOU.scale-down-to-512.jpg
https://framerusercontent.com/images/RMll087yx6G8OKSOTAPZwvlzOBU.jpg	assets/images/RMll087yx6G8OKSOTAPZwvlzOBU.jpg
https://framerusercontent.com/images/RMll087yx6G8OKSOTAPZwvlzOBU.jpg?scale-down-to=1024	assets/images/RMll087yx6G8OKSOTAPZwvlzOBU.scale-down-to-1024.jpg
https://framerusercontent.com/images/RMll087yx6G8OKSOTAPZwvlzOBU.jpg?scale-down-to=2048	assets/images/RMll087yx6G8OKSOTAPZwvlzOBU.scale-down-to-2048.jpg
https://framerusercontent.com/images/RNp2SLkKMCpsP5idCHgh4n6tNk.gif	assets/images/RNp2SLkKMCpsP5idCHgh4n6tNk.gif
https://framerusercontent.com/images/RZ7zuhVKQGhIt5abtq98LGwQvI.png	assets/images/RZ7zuhVKQGhIt5abtq98LGwQvI.png
https://framerusercontent.com/images/RZCAm9kThyNPDSOVaVQIt9CII.png	assets/images/RZCAm9kThyNPDSOVaVQIt9CII.png
https://framerusercontent.com/images/RZCAm9kThyNPDSOVaVQIt9CII.png?scale-down-to=1024	assets/images/RZCAm9kThyNPDSOVaVQIt9CII.scale-down-to-1024.png
https://framerusercontent.com/images/RZCAm9kThyNPDSOVaVQIt9CII.png?scale-down-to=2048	assets/images/RZCAm9kThyNPDSOVaVQIt9CII.scale-down-to-2048.png
https://framerusercontent.com/images/RZCAm9kThyNPDSOVaVQIt9CII.png?scale-down-to=512	assets/images/RZCAm9kThyNPDSOVaVQIt9CII.scale-down-to-512.png
https://framerusercontent.com/images/S1EXS63HwubUEufxQwRIb3BU.jpg	assets/images/S1EXS63HwubUEufxQwRIb3BU.jpg
https://framerusercontent.com/images/S1EXS63HwubUEufxQwRIb3BU.jpg?scale-down-to=1024	assets/images/S1EXS63HwubUEufxQwRIb3BU.scale-down-to-1024.jpg
https://framerusercontent.com/images/S1EXS63HwubUEufxQwRIb3BU.jpg?scale-down-to=2048	assets/images/S1EXS63HwubUEufxQwRIb3BU.scale-down-to-2048.jpg
https://framerusercontent.com/images/S1EXS63HwubUEufxQwRIb3BU.jpg?scale-down-to=512	assets/images/S1EXS63HwubUEufxQwRIb3BU.scale-down-to-512.jpg
https://framerusercontent.com/images/SJ130hf9KdCFSwN7HuYCWXkSKnU.gif	assets/images/SJ130hf9KdCFSwN7HuYCWXkSKnU.gif
https://framerusercontent.com/images/SJ130hf9KdCFSwN7HuYCWXkSKnU.gif?scale-down-to=512	assets/images/SJ130hf9KdCFSwN7HuYCWXkSKnU.scale-down-to-512.gif
https://framerusercontent.com/images/SaSdwcWfwDevwTSzIjpqJUFLf0.jpg	assets/images/SaSdwcWfwDevwTSzIjpqJUFLf0.jpg
https://framerusercontent.com/images/SaSdwcWfwDevwTSzIjpqJUFLf0.jpg?scale-down-to=1024	assets/images/SaSdwcWfwDevwTSzIjpqJUFLf0.scale-down-to-1024.jpg
https://framerusercontent.com/images/SaSdwcWfwDevwTSzIjpqJUFLf0.jpg?scale-down-to=512	assets/images/SaSdwcWfwDevwTSzIjpqJUFLf0.scale-down-to-512.jpg
https://framerusercontent.com/images/Sg5VfbE7NbPTcOgwElgGMjviw.png	assets/images/Sg5VfbE7NbPTcOgwElgGMjviw.png
https://framerusercontent.com/images/TCY8MbGwuk6HshdVY0asUSbIhI8.jpg	assets/images/TCY8MbGwuk6HshdVY0asUSbIhI8.jpg
https://framerusercontent.com/images/TCY8MbGwuk6HshdVY0asUSbIhI8.jpg?scale-down-to=1024	assets/images/TCY8MbGwuk6HshdVY0asUSbIhI8.scale-down-to-1024.jpg
https://framerusercontent.com/images/TCY8MbGwuk6HshdVY0asUSbIhI8.jpg?scale-down-to=512	assets/images/TCY8MbGwuk6HshdVY0asUSbIhI8.scale-down-to-512.jpg
https://framerusercontent.com/images/Te6uc55yzCFEX8iTwRqhoduDTZc.jpg	assets/images/Te6uc55yzCFEX8iTwRqhoduDTZc.jpg
https://framerusercontent.com/images/Te6uc55yzCFEX8iTwRqhoduDTZc.jpg?scale-down-to=1024	assets/images/Te6uc55yzCFEX8iTwRqhoduDTZc.scale-down-to-1024.jpg
https://framerusercontent.com/images/Te6uc55yzCFEX8iTwRqhoduDTZc.jpg?scale-down-to=2048	assets/images/Te6uc55yzCFEX8iTwRqhoduDTZc.scale-down-to-2048.jpg
https://framerusercontent.com/images/U23Y5S0xsIPSAXBOUQuPdxY95c.png	assets/images/U23Y5S0xsIPSAXBOUQuPdxY95c.png
https://framerusercontent.com/images/U23Y5S0xsIPSAXBOUQuPdxY95c.png?scale-down-to=512	assets/images/U23Y5S0xsIPSAXBOUQuPdxY95c.scale-down-to-512.png
https://framerusercontent.com/images/Unv4biKIIW1C0HKCX79ILMpybQ.png	assets/images/Unv4biKIIW1C0HKCX79ILMpybQ.png
https://framerusercontent.com/images/Unv4biKIIW1C0HKCX79ILMpybQ.png?scale-down-to=1024	assets/images/Unv4biKIIW1C0HKCX79ILMpybQ.scale-down-to-1024.png
https://framerusercontent.com/images/Unv4biKIIW1C0HKCX79ILMpybQ.png?scale-down-to=512	assets/images/Unv4biKIIW1C0HKCX79ILMpybQ.scale-down-to-512.png
https://framerusercontent.com/images/UxxIYXWOtxdAZb7b3ghytlF99Qk.jpg	assets/images/UxxIYXWOtxdAZb7b3ghytlF99Qk.jpg
https://framerusercontent.com/images/UxxIYXWOtxdAZb7b3ghytlF99Qk.jpg?scale-down-to=512	assets/images/UxxIYXWOtxdAZb7b3ghytlF99Qk.scale-down-to-512.jpg
https://framerusercontent.com/images/VkFqNou0nrOpZNswJZ52bjzPKI.jpg	assets/images/VkFqNou0nrOpZNswJZ52bjzPKI.jpg
https://framerusercontent.com/images/VkFqNou0nrOpZNswJZ52bjzPKI.jpg?scale-down-to=1024	assets/images/VkFqNou0nrOpZNswJZ52bjzPKI.scale-down-to-1024.jpg
https://framerusercontent.com/images/VkFqNou0nrOpZNswJZ52bjzPKI.jpg?scale-down-to=512	assets/images/VkFqNou0nrOpZNswJZ52bjzPKI.scale-down-to-512.jpg
https://framerusercontent.com/images/VlnJNTvUolkSpaXDnjR2EDjE0.gif	assets/images/VlnJNTvUolkSpaXDnjR2EDjE0.gif
https://framerusercontent.com/images/VlnJNTvUolkSpaXDnjR2EDjE0.gif?scale-down-to=512	assets/images/VlnJNTvUolkSpaXDnjR2EDjE0.scale-down-to-512.gif
https://framerusercontent.com/images/VnT081tFCplLx5aWu4jK9l1Wpzc.png	assets/images/VnT081tFCplLx5aWu4jK9l1Wpzc.png
https://framerusercontent.com/images/VnT081tFCplLx5aWu4jK9l1Wpzc.png?scale-down-to=1024	assets/images/VnT081tFCplLx5aWu4jK9l1Wpzc.scale-down-to-1024.png
https://framerusercontent.com/images/VnT081tFCplLx5aWu4jK9l1Wpzc.png?scale-down-to=512	assets/images/VnT081tFCplLx5aWu4jK9l1Wpzc.scale-down-to-512.png
https://framerusercontent.com/images/WR6tXtE3261wEXPDjSX7gry3Os.jpg	assets/images/WR6tXtE3261wEXPDjSX7gry3Os.jpg
https://framerusercontent.com/images/WR6tXtE3261wEXPDjSX7gry3Os.jpg?scale-down-to=1024	assets/images/WR6tXtE3261wEXPDjSX7gry3Os.scale-down-to-1024.jpg
https://framerusercontent.com/images/WR6tXtE3261wEXPDjSX7gry3Os.jpg?scale-down-to=512	assets/images/WR6tXtE3261wEXPDjSX7gry3Os.scale-down-to-512.jpg
https://framerusercontent.com/images/Ws9LjYC2U1ghho2Qea5jJskBbU.png	assets/images/Ws9LjYC2U1ghho2Qea5jJskBbU.png
https://framerusercontent.com/images/Ws9LjYC2U1ghho2Qea5jJskBbU.png?scale-down-to=2048	assets/images/Ws9LjYC2U1ghho2Qea5jJskBbU.scale-down-to-2048.png
https://framerusercontent.com/images/XCXWx4cHf83TcFoyHuKCLNzjLQ.png	assets/images/XCXWx4cHf83TcFoyHuKCLNzjLQ.png
https://framerusercontent.com/images/XCXWx4cHf83TcFoyHuKCLNzjLQ.png?scale-down-to=1024	assets/images/XCXWx4cHf83TcFoyHuKCLNzjLQ.scale-down-to-1024.png
https://framerusercontent.com/images/XHEFMP9PDVRSuUXbMFPyvSQenyE.png	assets/images/XHEFMP9PDVRSuUXbMFPyvSQenyE.png
https://framerusercontent.com/images/XXvISWlkLzgoLoOCjLBkaHSeE.png	assets/images/XXvISWlkLzgoLoOCjLBkaHSeE.png
https://framerusercontent.com/images/XXvISWlkLzgoLoOCjLBkaHSeE.png?scale-down-to=1024	assets/images/XXvISWlkLzgoLoOCjLBkaHSeE.scale-down-to-1024.png
https://framerusercontent.com/images/XXvISWlkLzgoLoOCjLBkaHSeE.png?scale-down-to=512	assets/images/XXvISWlkLzgoLoOCjLBkaHSeE.scale-down-to-512.png
https://framerusercontent.com/images/Xt3AhVbTrttDOxa0ucN3MbLsayo.png	assets/images/Xt3AhVbTrttDOxa0ucN3MbLsayo.png
https://framerusercontent.com/images/Xt3AhVbTrttDOxa0ucN3MbLsayo.png?scale-down-to=512	assets/images/Xt3AhVbTrttDOxa0ucN3MbLsayo.scale-down-to-512.png
https://framerusercontent.com/images/YPbMjHqNLpYRzs1kHvXlZoyhvo.png	assets/images/YPbMjHqNLpYRzs1kHvXlZoyhvo.png
https://framerusercontent.com/images/YYi72fuCchoJJR9Za66rVxzTX8.png	assets/images/YYi72fuCchoJJR9Za66rVxzTX8.png
https://framerusercontent.com/images/YYi72fuCchoJJR9Za66rVxzTX8.png?scale-down-to=1024	assets/images/YYi72fuCchoJJR9Za66rVxzTX8.scale-down-to-1024.png
https://framerusercontent.com/images/YYi72fuCchoJJR9Za66rVxzTX8.png?scale-down-to=2048	assets/images/YYi72fuCchoJJR9Za66rVxzTX8.scale-down-to-2048.png
https://framerusercontent.com/images/YYi72fuCchoJJR9Za66rVxzTX8.png?scale-down-to=512	assets/images/YYi72fuCchoJJR9Za66rVxzTX8.scale-down-to-512.png
https://framerusercontent.com/images/YruIe3wHKEnmfHwmClobpo1OVM.png	assets/images/YruIe3wHKEnmfHwmClobpo1OVM.png
https://framerusercontent.com/images/YruIe3wHKEnmfHwmClobpo1OVM.png?scale-down-to=1024	assets/images/YruIe3wHKEnmfHwmClobpo1OVM.scale-down-to-1024.png
https://framerusercontent.com/images/YruIe3wHKEnmfHwmClobpo1OVM.png?scale-down-to=2048	assets/images/YruIe3wHKEnmfHwmClobpo1OVM.scale-down-to-2048.png
https://framerusercontent.com/images/YruIe3wHKEnmfHwmClobpo1OVM.png?scale-down-to=512	assets/images/YruIe3wHKEnmfHwmClobpo1OVM.scale-down-to-512.png
https://framerusercontent.com/images/ZRy1iVTArXHZVpgX1mwA3xPgm0.jpg	assets/images/ZRy1iVTArXHZVpgX1mwA3xPgm0.jpg
https://framerusercontent.com/images/ZRy1iVTArXHZVpgX1mwA3xPgm0.jpg?scale-down-to=1024	assets/images/ZRy1iVTArXHZVpgX1mwA3xPgm0.scale-down-to-1024.jpg
https://framerusercontent.com/images/ZRy1iVTArXHZVpgX1mwA3xPgm0.jpg?scale-down-to=512	assets/images/ZRy1iVTArXHZVpgX1mwA3xPgm0.scale-down-to-512.jpg
https://framerusercontent.com/images/Zwbs6cDvQ6BtoGijU5hhkrHSrZk.png	assets/images/Zwbs6cDvQ6BtoGijU5hhkrHSrZk.png
https://framerusercontent.com/images/aBhYQSDpVrUUsYv9MEnd3dJ60A.png	assets/images/aBhYQSDpVrUUsYv9MEnd3dJ60A.png
https://framerusercontent.com/images/aBhYQSDpVrUUsYv9MEnd3dJ60A.png?scale-down-to=1024	assets/images/aBhYQSDpVrUUsYv9MEnd3dJ60A.scale-down-to-1024.png
https://framerusercontent.com/images/aBhYQSDpVrUUsYv9MEnd3dJ60A.png?scale-down-to=2048	assets/images/aBhYQSDpVrUUsYv9MEnd3dJ60A.scale-down-to-2048.png
https://framerusercontent.com/images/aBhYQSDpVrUUsYv9MEnd3dJ60A.png?scale-down-to=512	assets/images/aBhYQSDpVrUUsYv9MEnd3dJ60A.scale-down-to-512.png
https://framerusercontent.com/images/aEPVDzyuNmXvFEmoiAdwsvr0GU.gif	assets/images/aEPVDzyuNmXvFEmoiAdwsvr0GU.gif
https://framerusercontent.com/images/aI3ct5UHKwlWWzJRKeJP2QTfhSM.png	assets/images/aI3ct5UHKwlWWzJRKeJP2QTfhSM.png
https://framerusercontent.com/images/aI3ct5UHKwlWWzJRKeJP2QTfhSM.png?scale-down-to=1024	assets/images/aI3ct5UHKwlWWzJRKeJP2QTfhSM.scale-down-to-1024.png
https://framerusercontent.com/images/aI3ct5UHKwlWWzJRKeJP2QTfhSM.png?scale-down-to=512	assets/images/aI3ct5UHKwlWWzJRKeJP2QTfhSM.scale-down-to-512.png
https://framerusercontent.com/images/aMAFHKa2fGl9OiL8t7s9NrQyA.png	assets/images/aMAFHKa2fGl9OiL8t7s9NrQyA.png
https://framerusercontent.com/images/aMAFHKa2fGl9OiL8t7s9NrQyA.png?scale-down-to=1024	assets/images/aMAFHKa2fGl9OiL8t7s9NrQyA.scale-down-to-1024.png
https://framerusercontent.com/images/aPg6iYDJGFoD7bC3wpHs0rUJn4.png	assets/images/aPg6iYDJGFoD7bC3wpHs0rUJn4.png
https://framerusercontent.com/images/aPg6iYDJGFoD7bC3wpHs0rUJn4.png?scale-down-to=1024	assets/images/aPg6iYDJGFoD7bC3wpHs0rUJn4.scale-down-to-1024.png
https://framerusercontent.com/images/avgb9VyBsx1e8UOyY7SkmwxLRP4.gif	assets/images/avgb9VyBsx1e8UOyY7SkmwxLRP4.gif
https://framerusercontent.com/images/avgb9VyBsx1e8UOyY7SkmwxLRP4.gif?scale-down-to=512	assets/images/avgb9VyBsx1e8UOyY7SkmwxLRP4.scale-down-to-512.gif
https://framerusercontent.com/images/b3RF0RBvzCJHgLTucL4HNBfOAoo.jpg	assets/images/b3RF0RBvzCJHgLTucL4HNBfOAoo.jpg
https://framerusercontent.com/images/b3RF0RBvzCJHgLTucL4HNBfOAoo.jpg?scale-down-to=1024	assets/images/b3RF0RBvzCJHgLTucL4HNBfOAoo.scale-down-to-1024.jpg
https://framerusercontent.com/images/b3RF0RBvzCJHgLTucL4HNBfOAoo.jpg?scale-down-to=512	assets/images/b3RF0RBvzCJHgLTucL4HNBfOAoo.scale-down-to-512.jpg
https://framerusercontent.com/images/bD8t9DVWIEygmIvCHbgoeiDxQbg.png	assets/images/bD8t9DVWIEygmIvCHbgoeiDxQbg.png
https://framerusercontent.com/images/bUcvx8rneln6lubrNz0BcoLw.png	assets/images/bUcvx8rneln6lubrNz0BcoLw.png
https://framerusercontent.com/images/bUcvx8rneln6lubrNz0BcoLw.png?scale-down-to=1024	assets/images/bUcvx8rneln6lubrNz0BcoLw.scale-down-to-1024.png
https://framerusercontent.com/images/beh8lkOaCRAjpPo1orAMQlIk8.png	assets/images/beh8lkOaCRAjpPo1orAMQlIk8.png
https://framerusercontent.com/images/beh8lkOaCRAjpPo1orAMQlIk8.png?scale-down-to=1024	assets/images/beh8lkOaCRAjpPo1orAMQlIk8.scale-down-to-1024.png
https://framerusercontent.com/images/beh8lkOaCRAjpPo1orAMQlIk8.png?scale-down-to=512	assets/images/beh8lkOaCRAjpPo1orAMQlIk8.scale-down-to-512.png
https://framerusercontent.com/images/cFB0gCOkeZCdhk9IQONv8ZZLtE.jpg	assets/images/cFB0gCOkeZCdhk9IQONv8ZZLtE.jpg
https://framerusercontent.com/images/cFB0gCOkeZCdhk9IQONv8ZZLtE.jpg?scale-down-to=1024	assets/images/cFB0gCOkeZCdhk9IQONv8ZZLtE.scale-down-to-1024.jpg
https://framerusercontent.com/images/cFB0gCOkeZCdhk9IQONv8ZZLtE.jpg?scale-down-to=2048	assets/images/cFB0gCOkeZCdhk9IQONv8ZZLtE.scale-down-to-2048.jpg
https://framerusercontent.com/images/cPgatdndFhrZOOvKNfRH8HcKU.png	assets/images/cPgatdndFhrZOOvKNfRH8HcKU.png
https://framerusercontent.com/images/cPgatdndFhrZOOvKNfRH8HcKU.png?scale-down-to=1024	assets/images/cPgatdndFhrZOOvKNfRH8HcKU.scale-down-to-1024.png
https://framerusercontent.com/images/cPgatdndFhrZOOvKNfRH8HcKU.png?scale-down-to=2048	assets/images/cPgatdndFhrZOOvKNfRH8HcKU.scale-down-to-2048.png
https://framerusercontent.com/images/cPgatdndFhrZOOvKNfRH8HcKU.png?scale-down-to=512	assets/images/cPgatdndFhrZOOvKNfRH8HcKU.scale-down-to-512.png
https://framerusercontent.com/images/cSmXoYBNEChY7UEZMje5wqjka5g.png	assets/images/cSmXoYBNEChY7UEZMje5wqjka5g.png
https://framerusercontent.com/images/cSmXoYBNEChY7UEZMje5wqjka5g.png?scale-down-to=1024	assets/images/cSmXoYBNEChY7UEZMje5wqjka5g.scale-down-to-1024.png
https://framerusercontent.com/images/cSmXoYBNEChY7UEZMje5wqjka5g.png?scale-down-to=512	assets/images/cSmXoYBNEChY7UEZMje5wqjka5g.scale-down-to-512.png
https://framerusercontent.com/images/df5auFh4SckgdsFZ99ze6AzL4Xw.jpg	assets/images/df5auFh4SckgdsFZ99ze6AzL4Xw.jpg
https://framerusercontent.com/images/df5auFh4SckgdsFZ99ze6AzL4Xw.jpg?scale-down-to=1024	assets/images/df5auFh4SckgdsFZ99ze6AzL4Xw.scale-down-to-1024.jpg
https://framerusercontent.com/images/df5auFh4SckgdsFZ99ze6AzL4Xw.jpg?scale-down-to=2048	assets/images/df5auFh4SckgdsFZ99ze6AzL4Xw.scale-down-to-2048.jpg
https://framerusercontent.com/images/df5auFh4SckgdsFZ99ze6AzL4Xw.jpg?scale-down-to=512	assets/images/df5auFh4SckgdsFZ99ze6AzL4Xw.scale-down-to-512.jpg
https://framerusercontent.com/images/eCuugF9jKTnAHnMGHNIa6RW6LpU.png	assets/images/eCuugF9jKTnAHnMGHNIa6RW6LpU.png
https://framerusercontent.com/images/eCuugF9jKTnAHnMGHNIa6RW6LpU.png?scale-down-to=1024	assets/images/eCuugF9jKTnAHnMGHNIa6RW6LpU.scale-down-to-1024.png
https://framerusercontent.com/images/eCuugF9jKTnAHnMGHNIa6RW6LpU.png?scale-down-to=2048	assets/images/eCuugF9jKTnAHnMGHNIa6RW6LpU.scale-down-to-2048.png
https://framerusercontent.com/images/eCuugF9jKTnAHnMGHNIa6RW6LpU.png?scale-down-to=512	assets/images/eCuugF9jKTnAHnMGHNIa6RW6LpU.scale-down-to-512.png
https://framerusercontent.com/images/eQIindlvK02zph2UF5c9GzMvxqg.jpg	assets/images/eQIindlvK02zph2UF5c9GzMvxqg.jpg
https://framerusercontent.com/images/eQIindlvK02zph2UF5c9GzMvxqg.jpg?scale-down-to=1024	assets/images/eQIindlvK02zph2UF5c9GzMvxqg.scale-down-to-1024.jpg
https://framerusercontent.com/images/eQIindlvK02zph2UF5c9GzMvxqg.jpg?scale-down-to=2048	assets/images/eQIindlvK02zph2UF5c9GzMvxqg.scale-down-to-2048.jpg
https://framerusercontent.com/images/eQIindlvK02zph2UF5c9GzMvxqg.jpg?scale-down-to=512	assets/images/eQIindlvK02zph2UF5c9GzMvxqg.scale-down-to-512.jpg
https://framerusercontent.com/images/eZbqVqs5qrL5JhTWSvYsCrUpQI.png	assets/images/eZbqVqs5qrL5JhTWSvYsCrUpQI.png
https://framerusercontent.com/images/eZbqVqs5qrL5JhTWSvYsCrUpQI.png?scale-down-to=1024	assets/images/eZbqVqs5qrL5JhTWSvYsCrUpQI.scale-down-to-1024.png
https://framerusercontent.com/images/emrITXwHM4ATVpxtmpJRcyj7GM4.jpg	assets/images/emrITXwHM4ATVpxtmpJRcyj7GM4.jpg
https://framerusercontent.com/images/emrITXwHM4ATVpxtmpJRcyj7GM4.jpg?scale-down-to=1024	assets/images/emrITXwHM4ATVpxtmpJRcyj7GM4.scale-down-to-1024.jpg
https://framerusercontent.com/images/emrITXwHM4ATVpxtmpJRcyj7GM4.jpg?scale-down-to=512	assets/images/emrITXwHM4ATVpxtmpJRcyj7GM4.scale-down-to-512.jpg
https://framerusercontent.com/images/fPLfemhr3RFqbQDPVlbLsKL4Pk.png	assets/images/fPLfemhr3RFqbQDPVlbLsKL4Pk.png
https://framerusercontent.com/images/fPLfemhr3RFqbQDPVlbLsKL4Pk.png?scale-down-to=2048	assets/images/fPLfemhr3RFqbQDPVlbLsKL4Pk.scale-down-to-2048.png
https://framerusercontent.com/images/fca2QqpgG9uSGfrAupLsir5P8e0.gif	assets/images/fca2QqpgG9uSGfrAupLsir5P8e0.gif
https://framerusercontent.com/images/gAdVw6okao6u1JHMXnuUDLlnhag.png	assets/images/gAdVw6okao6u1JHMXnuUDLlnhag.png
https://framerusercontent.com/images/gAdVw6okao6u1JHMXnuUDLlnhag.png?scale-down-to=1024	assets/images/gAdVw6okao6u1JHMXnuUDLlnhag.scale-down-to-1024.png
https://framerusercontent.com/images/gAdVw6okao6u1JHMXnuUDLlnhag.png?scale-down-to=512	assets/images/gAdVw6okao6u1JHMXnuUDLlnhag.scale-down-to-512.png
https://framerusercontent.com/images/gJzml67ruEqGuGTpr0e68yTjkTg.png	assets/images/gJzml67ruEqGuGTpr0e68yTjkTg.png
https://framerusercontent.com/images/gJzml67ruEqGuGTpr0e68yTjkTg.png?scale-down-to=1024	assets/images/gJzml67ruEqGuGTpr0e68yTjkTg.scale-down-to-1024.png
https://framerusercontent.com/images/gPQGO3dQm5jugsMPOgzdGp76o.jpg	assets/images/gPQGO3dQm5jugsMPOgzdGp76o.jpg
https://framerusercontent.com/images/gPQGO3dQm5jugsMPOgzdGp76o.jpg?scale-down-to=1024	assets/images/gPQGO3dQm5jugsMPOgzdGp76o.scale-down-to-1024.jpg
https://framerusercontent.com/images/gPQGO3dQm5jugsMPOgzdGp76o.jpg?scale-down-to=512	assets/images/gPQGO3dQm5jugsMPOgzdGp76o.scale-down-to-512.jpg
https://framerusercontent.com/images/gZsg0KL5P2f3ZNVPIoH07r7Ags.jpg	assets/images/gZsg0KL5P2f3ZNVPIoH07r7Ags.jpg
https://framerusercontent.com/images/gZsg0KL5P2f3ZNVPIoH07r7Ags.jpg?scale-down-to=1024	assets/images/gZsg0KL5P2f3ZNVPIoH07r7Ags.scale-down-to-1024.jpg
https://framerusercontent.com/images/gZsg0KL5P2f3ZNVPIoH07r7Ags.jpg?scale-down-to=2048	assets/images/gZsg0KL5P2f3ZNVPIoH07r7Ags.scale-down-to-2048.jpg
https://framerusercontent.com/images/gZsg0KL5P2f3ZNVPIoH07r7Ags.jpg?scale-down-to=512	assets/images/gZsg0KL5P2f3ZNVPIoH07r7Ags.scale-down-to-512.jpg
https://framerusercontent.com/images/ghHaxRxDhJbQ3wMFkVluTB28uY.jpg	assets/images/ghHaxRxDhJbQ3wMFkVluTB28uY.jpg
https://framerusercontent.com/images/ghHaxRxDhJbQ3wMFkVluTB28uY.jpg?scale-down-to=1024	assets/images/ghHaxRxDhJbQ3wMFkVluTB28uY.scale-down-to-1024.jpg
https://framerusercontent.com/images/ghHaxRxDhJbQ3wMFkVluTB28uY.jpg?scale-down-to=2048	assets/images/ghHaxRxDhJbQ3wMFkVluTB28uY.scale-down-to-2048.jpg
https://framerusercontent.com/images/ghHaxRxDhJbQ3wMFkVluTB28uY.jpg?scale-down-to=4096	assets/images/ghHaxRxDhJbQ3wMFkVluTB28uY.scale-down-to-4096.jpg
https://framerusercontent.com/images/gpR9qT7AKSCTL8BWMG3ZA2DwrIA.jpg	assets/images/gpR9qT7AKSCTL8BWMG3ZA2DwrIA.jpg
https://framerusercontent.com/images/gpR9qT7AKSCTL8BWMG3ZA2DwrIA.jpg?scale-down-to=1024	assets/images/gpR9qT7AKSCTL8BWMG3ZA2DwrIA.scale-down-to-1024.jpg
https://framerusercontent.com/images/gpR9qT7AKSCTL8BWMG3ZA2DwrIA.jpg?scale-down-to=512	assets/images/gpR9qT7AKSCTL8BWMG3ZA2DwrIA.scale-down-to-512.jpg
https://framerusercontent.com/images/he1kUL20GGftAtElYGjzxpQf3M.png	assets/images/he1kUL20GGftAtElYGjzxpQf3M.png
https://framerusercontent.com/images/hzKx5Uijniy3jwxufLWLOpS3Rg.gif	assets/images/hzKx5Uijniy3jwxufLWLOpS3Rg.gif
https://framerusercontent.com/images/hzKx5Uijniy3jwxufLWLOpS3Rg.gif?scale-down-to=512	assets/images/hzKx5Uijniy3jwxufLWLOpS3Rg.scale-down-to-512.gif
https://framerusercontent.com/images/iDikXPk3Fqz8HwMJlnqGneaz9nU.gif	assets/images/iDikXPk3Fqz8HwMJlnqGneaz9nU.gif
https://framerusercontent.com/images/iDikXPk3Fqz8HwMJlnqGneaz9nU.gif?scale-down-to=512	assets/images/iDikXPk3Fqz8HwMJlnqGneaz9nU.scale-down-to-512.gif
https://framerusercontent.com/images/iI54cSdhj72Zxr3FXhUhgtAFRiI.png	assets/images/iI54cSdhj72Zxr3FXhUhgtAFRiI.png
https://framerusercontent.com/images/iI54cSdhj72Zxr3FXhUhgtAFRiI.png?scale-down-to=512	assets/images/iI54cSdhj72Zxr3FXhUhgtAFRiI.scale-down-to-512.png
https://framerusercontent.com/images/iMjTvYkYCObC8DebpD83mfzAk.png	assets/images/iMjTvYkYCObC8DebpD83mfzAk.png
https://framerusercontent.com/images/id9DSBoi24xuBZ4qlYAkzDRptU.gif	assets/images/id9DSBoi24xuBZ4qlYAkzDRptU.gif
https://framerusercontent.com/images/id9DSBoi24xuBZ4qlYAkzDRptU.gif?scale-down-to=512	assets/images/id9DSBoi24xuBZ4qlYAkzDRptU.scale-down-to-512.gif
https://framerusercontent.com/images/iem0y98hslo9w6qVsxcW087XiHo.jpg	assets/images/iem0y98hslo9w6qVsxcW087XiHo.jpg
https://framerusercontent.com/images/iem0y98hslo9w6qVsxcW087XiHo.jpg?scale-down-to=512	assets/images/iem0y98hslo9w6qVsxcW087XiHo.scale-down-to-512.jpg
https://framerusercontent.com/images/iixLaq84HycyosjfonK9LjE0bts.jpg	assets/images/iixLaq84HycyosjfonK9LjE0bts.jpg
https://framerusercontent.com/images/iixLaq84HycyosjfonK9LjE0bts.jpg?scale-down-to=512	assets/images/iixLaq84HycyosjfonK9LjE0bts.scale-down-to-512.jpg
https://framerusercontent.com/images/ijcntWvggpnFGpRAgQRS3Hfo7DM.png	assets/images/ijcntWvggpnFGpRAgQRS3Hfo7DM.png
https://framerusercontent.com/images/ir3Tn9OVA0ALnaC9F31KythBo.png	assets/images/ir3Tn9OVA0ALnaC9F31KythBo.png
https://framerusercontent.com/images/ir3Tn9OVA0ALnaC9F31KythBo.png?scale-down-to=1024	assets/images/ir3Tn9OVA0ALnaC9F31KythBo.scale-down-to-1024.png
https://framerusercontent.com/images/ir3Tn9OVA0ALnaC9F31KythBo.png?scale-down-to=2048	assets/images/ir3Tn9OVA0ALnaC9F31KythBo.scale-down-to-2048.png
https://framerusercontent.com/images/ir3Tn9OVA0ALnaC9F31KythBo.png?scale-down-to=512	assets/images/ir3Tn9OVA0ALnaC9F31KythBo.scale-down-to-512.png
https://framerusercontent.com/images/iuQ0IK8F0yRa2YBYoQxHVVBkFI.png	assets/images/iuQ0IK8F0yRa2YBYoQxHVVBkFI.png
https://framerusercontent.com/images/iv5LTStUgIkUMAYIzDmxj3SpM.jpg	assets/images/iv5LTStUgIkUMAYIzDmxj3SpM.jpg
https://framerusercontent.com/images/iv5LTStUgIkUMAYIzDmxj3SpM.jpg?scale-down-to=1024	assets/images/iv5LTStUgIkUMAYIzDmxj3SpM.scale-down-to-1024.jpg
https://framerusercontent.com/images/iv5LTStUgIkUMAYIzDmxj3SpM.jpg?scale-down-to=2048	assets/images/iv5LTStUgIkUMAYIzDmxj3SpM.scale-down-to-2048.jpg
https://framerusercontent.com/images/iv5LTStUgIkUMAYIzDmxj3SpM.jpg?scale-down-to=512	assets/images/iv5LTStUgIkUMAYIzDmxj3SpM.scale-down-to-512.jpg
https://framerusercontent.com/images/iwOTPzFmOrS0i3SiqM8ZzM5j8Go.png	assets/images/iwOTPzFmOrS0i3SiqM8ZzM5j8Go.png
https://framerusercontent.com/images/jFRiD6Ye2qQWnX4KiQvUm6dGhD4.png	assets/images/jFRiD6Ye2qQWnX4KiQvUm6dGhD4.png
https://framerusercontent.com/images/jFRiD6Ye2qQWnX4KiQvUm6dGhD4.png?scale-down-to=1024	assets/images/jFRiD6Ye2qQWnX4KiQvUm6dGhD4.scale-down-to-1024.png
https://framerusercontent.com/images/jJcsAcQzhqq3kWtx9EykAc5dD0.gif	assets/images/jJcsAcQzhqq3kWtx9EykAc5dD0.gif
https://framerusercontent.com/images/jTteyciMzrmNMoZ6Ag1DktirY.png	assets/images/jTteyciMzrmNMoZ6Ag1DktirY.png
https://framerusercontent.com/images/jTteyciMzrmNMoZ6Ag1DktirY.png?scale-down-to=1024	assets/images/jTteyciMzrmNMoZ6Ag1DktirY.scale-down-to-1024.png
https://framerusercontent.com/images/jXI9ETDYUcv9IFO1rWnr0f0dc.gif	assets/images/jXI9ETDYUcv9IFO1rWnr0f0dc.gif
https://framerusercontent.com/images/jXI9ETDYUcv9IFO1rWnr0f0dc.gif?scale-down-to=512	assets/images/jXI9ETDYUcv9IFO1rWnr0f0dc.scale-down-to-512.gif
https://framerusercontent.com/images/jyCdiCvLRBP4PIqpcHqBI5qcjKU.png	assets/images/jyCdiCvLRBP4PIqpcHqBI5qcjKU.png
https://framerusercontent.com/images/jyCdiCvLRBP4PIqpcHqBI5qcjKU.png?scale-down-to=1024	assets/images/jyCdiCvLRBP4PIqpcHqBI5qcjKU.scale-down-to-1024.png
https://framerusercontent.com/images/jyCdiCvLRBP4PIqpcHqBI5qcjKU.png?scale-down-to=512	assets/images/jyCdiCvLRBP4PIqpcHqBI5qcjKU.scale-down-to-512.png
https://framerusercontent.com/images/kUJtFaubNzrCncw3fuBDPqy6L2k.png	assets/images/kUJtFaubNzrCncw3fuBDPqy6L2k.png
https://framerusercontent.com/images/kUJtFaubNzrCncw3fuBDPqy6L2k.png?scale-down-to=1024	assets/images/kUJtFaubNzrCncw3fuBDPqy6L2k.scale-down-to-1024.png
https://framerusercontent.com/images/kXoosQSTg2gzU4S9UUOi3CHkg.gif	assets/images/kXoosQSTg2gzU4S9UUOi3CHkg.gif
https://framerusercontent.com/images/kZyDJEsSyXJtGogHnAN13JZCU5c.png	assets/images/kZyDJEsSyXJtGogHnAN13JZCU5c.png
https://framerusercontent.com/images/kZyDJEsSyXJtGogHnAN13JZCU5c.png?scale-down-to=1024	assets/images/kZyDJEsSyXJtGogHnAN13JZCU5c.scale-down-to-1024.png
https://framerusercontent.com/images/kZyDJEsSyXJtGogHnAN13JZCU5c.png?scale-down-to=512	assets/images/kZyDJEsSyXJtGogHnAN13JZCU5c.scale-down-to-512.png
https://framerusercontent.com/images/lYyhLFpDUUVXfz2qs2mJzTmO3Uo.jpg	assets/images/lYyhLFpDUUVXfz2qs2mJzTmO3Uo.jpg
https://framerusercontent.com/images/lYyhLFpDUUVXfz2qs2mJzTmO3Uo.jpg?scale-down-to=1024	assets/images/lYyhLFpDUUVXfz2qs2mJzTmO3Uo.scale-down-to-1024.jpg
https://framerusercontent.com/images/lYyhLFpDUUVXfz2qs2mJzTmO3Uo.jpg?scale-down-to=512	assets/images/lYyhLFpDUUVXfz2qs2mJzTmO3Uo.scale-down-to-512.jpg
https://framerusercontent.com/images/lZo4mCL8h11aIivXIaMkyTPwQo.png	assets/images/lZo4mCL8h11aIivXIaMkyTPwQo.png
https://framerusercontent.com/images/lcGls4SwX3apBcwV1j4ab9AGaA.png	assets/images/lcGls4SwX3apBcwV1j4ab9AGaA.png
https://framerusercontent.com/images/lcGls4SwX3apBcwV1j4ab9AGaA.png?scale-down-to=1024	assets/images/lcGls4SwX3apBcwV1j4ab9AGaA.scale-down-to-1024.png
https://framerusercontent.com/images/lcGls4SwX3apBcwV1j4ab9AGaA.png?scale-down-to=512	assets/images/lcGls4SwX3apBcwV1j4ab9AGaA.scale-down-to-512.png
https://framerusercontent.com/images/mMbehkEuAb01afLd3bOCEZItsFo.gif	assets/images/mMbehkEuAb01afLd3bOCEZItsFo.gif
https://framerusercontent.com/images/mRsuyCzAzwLNPrl6Y8RaXv3p4.png	assets/images/mRsuyCzAzwLNPrl6Y8RaXv3p4.png
https://framerusercontent.com/images/mngRQgjb2kqrMk2ETk8KF9MwU.png	assets/images/mngRQgjb2kqrMk2ETk8KF9MwU.png
https://framerusercontent.com/images/mqVVGWAh6BlUlZtL49in3nzIi8o.png	assets/images/mqVVGWAh6BlUlZtL49in3nzIi8o.png
https://framerusercontent.com/images/mqVVGWAh6BlUlZtL49in3nzIi8o.png?scale-down-to=1024	assets/images/mqVVGWAh6BlUlZtL49in3nzIi8o.scale-down-to-1024.png
https://framerusercontent.com/images/mqVVGWAh6BlUlZtL49in3nzIi8o.png?scale-down-to=2048	assets/images/mqVVGWAh6BlUlZtL49in3nzIi8o.scale-down-to-2048.png
https://framerusercontent.com/images/mqVVGWAh6BlUlZtL49in3nzIi8o.png?scale-down-to=512	assets/images/mqVVGWAh6BlUlZtL49in3nzIi8o.scale-down-to-512.png
https://framerusercontent.com/images/mtScm7gDz1ecp5JazePXwqt2jgo.png	assets/images/mtScm7gDz1ecp5JazePXwqt2jgo.png
https://framerusercontent.com/images/mtScm7gDz1ecp5JazePXwqt2jgo.png?scale-down-to=1024	assets/images/mtScm7gDz1ecp5JazePXwqt2jgo.scale-down-to-1024.png
https://framerusercontent.com/images/mtScm7gDz1ecp5JazePXwqt2jgo.png?scale-down-to=512	assets/images/mtScm7gDz1ecp5JazePXwqt2jgo.scale-down-to-512.png
https://framerusercontent.com/images/n8812yxGx2k2A7QMPAicVD0zlic.png	assets/images/n8812yxGx2k2A7QMPAicVD0zlic.png
https://framerusercontent.com/images/n8812yxGx2k2A7QMPAicVD0zlic.png?scale-down-to=512	assets/images/n8812yxGx2k2A7QMPAicVD0zlic.scale-down-to-512.png
https://framerusercontent.com/images/nF8z0jboCcgZ0bR34t4itDKVDk.jpg	assets/images/nF8z0jboCcgZ0bR34t4itDKVDk.jpg
https://framerusercontent.com/images/nF8z0jboCcgZ0bR34t4itDKVDk.jpg?scale-down-to=1024	assets/images/nF8z0jboCcgZ0bR34t4itDKVDk.scale-down-to-1024.jpg
https://framerusercontent.com/images/nF8z0jboCcgZ0bR34t4itDKVDk.jpg?scale-down-to=512	assets/images/nF8z0jboCcgZ0bR34t4itDKVDk.scale-down-to-512.jpg
https://framerusercontent.com/images/nGhTRu4XfU6sqxRgxnfUDCf8p4.jpg	assets/images/nGhTRu4XfU6sqxRgxnfUDCf8p4.jpg
https://framerusercontent.com/images/nGhTRu4XfU6sqxRgxnfUDCf8p4.jpg?scale-down-to=1024	assets/images/nGhTRu4XfU6sqxRgxnfUDCf8p4.scale-down-to-1024.jpg
https://framerusercontent.com/images/nHpEC51GTIvSFQdqyKXUoRYfPJo.jpg	assets/images/nHpEC51GTIvSFQdqyKXUoRYfPJo.jpg
https://framerusercontent.com/images/nHpEC51GTIvSFQdqyKXUoRYfPJo.jpg?scale-down-to=1024	assets/images/nHpEC51GTIvSFQdqyKXUoRYfPJo.scale-down-to-1024.jpg
https://framerusercontent.com/images/nHpEC51GTIvSFQdqyKXUoRYfPJo.jpg?scale-down-to=2048	assets/images/nHpEC51GTIvSFQdqyKXUoRYfPJo.scale-down-to-2048.jpg
https://framerusercontent.com/images/nHpEC51GTIvSFQdqyKXUoRYfPJo.jpg?scale-down-to=512	assets/images/nHpEC51GTIvSFQdqyKXUoRYfPJo.scale-down-to-512.jpg
https://framerusercontent.com/images/nUXQdaYLQKKe89AaZyq6n3L6M.png	assets/images/nUXQdaYLQKKe89AaZyq6n3L6M.png
https://framerusercontent.com/images/nUXQdaYLQKKe89AaZyq6n3L6M.png?scale-down-to=1024	assets/images/nUXQdaYLQKKe89AaZyq6n3L6M.scale-down-to-1024.png
https://framerusercontent.com/images/nUXQdaYLQKKe89AaZyq6n3L6M.png?scale-down-to=512	assets/images/nUXQdaYLQKKe89AaZyq6n3L6M.scale-down-to-512.png
https://framerusercontent.com/images/nZGVf7K80cVlkW6PeFzHHnGuHt0.png	assets/images/nZGVf7K80cVlkW6PeFzHHnGuHt0.png
https://framerusercontent.com/images/nZGVf7K80cVlkW6PeFzHHnGuHt0.png?scale-down-to=1024	assets/images/nZGVf7K80cVlkW6PeFzHHnGuHt0.scale-down-to-1024.png
https://framerusercontent.com/images/npZDfBSQJSks10pXGgvtHLAm9s.png	assets/images/npZDfBSQJSks10pXGgvtHLAm9s.png
https://framerusercontent.com/images/npZDfBSQJSks10pXGgvtHLAm9s.png?scale-down-to=1024	assets/images/npZDfBSQJSks10pXGgvtHLAm9s.scale-down-to-1024.png
https://framerusercontent.com/images/nyHt6rDYZv45hlg7phtVueLo.gif	assets/images/nyHt6rDYZv45hlg7phtVueLo.gif
https://framerusercontent.com/images/o6NgwjNtdbg5CdKodz2Ezpg8pfE.png	assets/images/o6NgwjNtdbg5CdKodz2Ezpg8pfE.png
https://framerusercontent.com/images/o6NgwjNtdbg5CdKodz2Ezpg8pfE.png?scale-down-to=1024	assets/images/o6NgwjNtdbg5CdKodz2Ezpg8pfE.scale-down-to-1024.png
https://framerusercontent.com/images/o6NgwjNtdbg5CdKodz2Ezpg8pfE.png?scale-down-to=512	assets/images/o6NgwjNtdbg5CdKodz2Ezpg8pfE.scale-down-to-512.png
https://framerusercontent.com/images/oXQc7H9anRFHRZxOeZTTcaJyyWw.png	assets/images/oXQc7H9anRFHRZxOeZTTcaJyyWw.png
https://framerusercontent.com/images/odHwuB1JGsITTyQrN6xviUCJMg.png	assets/images/odHwuB1JGsITTyQrN6xviUCJMg.png
https://framerusercontent.com/images/onRexB43pkgN4xszNoX8eyxYo7s.jpg	assets/images/onRexB43pkgN4xszNoX8eyxYo7s.jpg
https://framerusercontent.com/images/onRexB43pkgN4xszNoX8eyxYo7s.jpg?scale-down-to=1024	assets/images/onRexB43pkgN4xszNoX8eyxYo7s.scale-down-to-1024.jpg
https://framerusercontent.com/images/onRexB43pkgN4xszNoX8eyxYo7s.jpg?scale-down-to=2048	assets/images/onRexB43pkgN4xszNoX8eyxYo7s.scale-down-to-2048.jpg
https://framerusercontent.com/images/oxYbjHSq6mvDPcWqjR8woG0Csw.png	assets/images/oxYbjHSq6mvDPcWqjR8woG0Csw.png
https://framerusercontent.com/images/p0GCAUx6Lb2lVFByukllZPtlQ.png	assets/images/p0GCAUx6Lb2lVFByukllZPtlQ.png
https://framerusercontent.com/images/p0GCAUx6Lb2lVFByukllZPtlQ.png?scale-down-to=1024	assets/images/p0GCAUx6Lb2lVFByukllZPtlQ.scale-down-to-1024.png
https://framerusercontent.com/images/p0GCAUx6Lb2lVFByukllZPtlQ.png?scale-down-to=2048	assets/images/p0GCAUx6Lb2lVFByukllZPtlQ.scale-down-to-2048.png
https://framerusercontent.com/images/p0GCAUx6Lb2lVFByukllZPtlQ.png?scale-down-to=512	assets/images/p0GCAUx6Lb2lVFByukllZPtlQ.scale-down-to-512.png
https://framerusercontent.com/images/p67QCnxIz3v9aNzA6PzzGZCan6E.gif	assets/images/p67QCnxIz3v9aNzA6PzzGZCan6E.gif
https://framerusercontent.com/images/pzwDX7Bu565WUnsTC2CThWj9Y.png	assets/images/pzwDX7Bu565WUnsTC2CThWj9Y.png
https://framerusercontent.com/images/qBR77c4rijDAk6WhschByZCu0ro.jpg	assets/images/qBR77c4rijDAk6WhschByZCu0ro.jpg
https://framerusercontent.com/images/qBR77c4rijDAk6WhschByZCu0ro.jpg?scale-down-to=1024	assets/images/qBR77c4rijDAk6WhschByZCu0ro.scale-down-to-1024.jpg
https://framerusercontent.com/images/qBR77c4rijDAk6WhschByZCu0ro.jpg?scale-down-to=512	assets/images/qBR77c4rijDAk6WhschByZCu0ro.scale-down-to-512.jpg
https://framerusercontent.com/images/qBj0ODfXLTLW6M3Lc0Ild5lD6I.gif	assets/images/qBj0ODfXLTLW6M3Lc0Ild5lD6I.gif
https://framerusercontent.com/images/qBj0ODfXLTLW6M3Lc0Ild5lD6I.gif?scale-down-to=512	assets/images/qBj0ODfXLTLW6M3Lc0Ild5lD6I.scale-down-to-512.gif
https://framerusercontent.com/images/qLaYfdUoEvsgigG8olXSn8OLdc.jpg	assets/images/qLaYfdUoEvsgigG8olXSn8OLdc.jpg
https://framerusercontent.com/images/qLaYfdUoEvsgigG8olXSn8OLdc.jpg?scale-down-to=1024	assets/images/qLaYfdUoEvsgigG8olXSn8OLdc.scale-down-to-1024.jpg
https://framerusercontent.com/images/qLaYfdUoEvsgigG8olXSn8OLdc.jpg?scale-down-to=2048	assets/images/qLaYfdUoEvsgigG8olXSn8OLdc.scale-down-to-2048.jpg
https://framerusercontent.com/images/r6zGX6TmkJYNMlgapxQwEoYMI8.png	assets/images/r6zGX6TmkJYNMlgapxQwEoYMI8.png
https://framerusercontent.com/images/r6zGX6TmkJYNMlgapxQwEoYMI8.png?scale-down-to=512	assets/images/r6zGX6TmkJYNMlgapxQwEoYMI8.scale-down-to-512.png
https://framerusercontent.com/images/rA59V6KLyAmBGmGW4XhaogexU.png	assets/images/rA59V6KLyAmBGmGW4XhaogexU.png
https://framerusercontent.com/images/rA59V6KLyAmBGmGW4XhaogexU.png?scale-down-to=512	assets/images/rA59V6KLyAmBGmGW4XhaogexU.scale-down-to-512.png
https://framerusercontent.com/images/rU9rmW5qdpr2V6OfKBNdn0V30.jpg	assets/images/rU9rmW5qdpr2V6OfKBNdn0V30.jpg
https://framerusercontent.com/images/rU9rmW5qdpr2V6OfKBNdn0V30.jpg?scale-down-to=1024	assets/images/rU9rmW5qdpr2V6OfKBNdn0V30.scale-down-to-1024.jpg
https://framerusercontent.com/images/rU9rmW5qdpr2V6OfKBNdn0V30.jpg?scale-down-to=512	assets/images/rU9rmW5qdpr2V6OfKBNdn0V30.scale-down-to-512.jpg
https://framerusercontent.com/images/rYypxLpTiVnUtc8YFPHGqJxd6s.gif	assets/images/rYypxLpTiVnUtc8YFPHGqJxd6s.gif
https://framerusercontent.com/images/s9KG1RZSuVT9FqJce1QerytDg.png	assets/images/s9KG1RZSuVT9FqJce1QerytDg.png
https://framerusercontent.com/images/s9KG1RZSuVT9FqJce1QerytDg.png?scale-down-to=1024	assets/images/s9KG1RZSuVT9FqJce1QerytDg.scale-down-to-1024.png
https://framerusercontent.com/images/sDxXRQWrVUfII3cI4CW9oOe820.jpg	assets/images/sDxXRQWrVUfII3cI4CW9oOe820.jpg
https://framerusercontent.com/images/sDxXRQWrVUfII3cI4CW9oOe820.jpg?scale-down-to=512	assets/images/sDxXRQWrVUfII3cI4CW9oOe820.scale-down-to-512.jpg
https://framerusercontent.com/images/sObcRgWlyHjvoO08iv9bM9Zuk.png	assets/images/sObcRgWlyHjvoO08iv9bM9Zuk.png
https://framerusercontent.com/images/sObcRgWlyHjvoO08iv9bM9Zuk.png?scale-down-to=1024	assets/images/sObcRgWlyHjvoO08iv9bM9Zuk.scale-down-to-1024.png
https://framerusercontent.com/images/sObcRgWlyHjvoO08iv9bM9Zuk.png?scale-down-to=512	assets/images/sObcRgWlyHjvoO08iv9bM9Zuk.scale-down-to-512.png
https://framerusercontent.com/images/sT1bSDJfNgpy1Z5o5o52Vf2BFaI.png	assets/images/sT1bSDJfNgpy1Z5o5o52Vf2BFaI.png
https://framerusercontent.com/images/sg6XXZvvsHvssFlXSN3endvXA.png	assets/images/sg6XXZvvsHvssFlXSN3endvXA.png
https://framerusercontent.com/images/sg6XXZvvsHvssFlXSN3endvXA.png?scale-down-to=1024	assets/images/sg6XXZvvsHvssFlXSN3endvXA.scale-down-to-1024.png
https://framerusercontent.com/images/sjNzmOTz5TEVitmqO9slnMGgpg.png	assets/images/sjNzmOTz5TEVitmqO9slnMGgpg.png
https://framerusercontent.com/images/sjNzmOTz5TEVitmqO9slnMGgpg.png?scale-down-to=1024	assets/images/sjNzmOTz5TEVitmqO9slnMGgpg.scale-down-to-1024.png
https://framerusercontent.com/images/sjNzmOTz5TEVitmqO9slnMGgpg.png?scale-down-to=2048	assets/images/sjNzmOTz5TEVitmqO9slnMGgpg.scale-down-to-2048.png
https://framerusercontent.com/images/sjNzmOTz5TEVitmqO9slnMGgpg.png?scale-down-to=512	assets/images/sjNzmOTz5TEVitmqO9slnMGgpg.scale-down-to-512.png
https://framerusercontent.com/images/t1APx9dDu6MJWamViD8reZmJVUI.gif	assets/images/t1APx9dDu6MJWamViD8reZmJVUI.gif
https://framerusercontent.com/images/tKkwlQcEFdkMLpDLZ7GREcHe0.png	assets/images/tKkwlQcEFdkMLpDLZ7GREcHe0.png
https://framerusercontent.com/images/tKkwlQcEFdkMLpDLZ7GREcHe0.png?scale-down-to=2048	assets/images/tKkwlQcEFdkMLpDLZ7GREcHe0.scale-down-to-2048.png
https://framerusercontent.com/images/tdQCvdNSeIJlI87fOITOMumqYTM.png	assets/images/tdQCvdNSeIJlI87fOITOMumqYTM.png
https://framerusercontent.com/images/tdQCvdNSeIJlI87fOITOMumqYTM.png?scale-down-to=1024	assets/images/tdQCvdNSeIJlI87fOITOMumqYTM.scale-down-to-1024.png
https://framerusercontent.com/images/tdQCvdNSeIJlI87fOITOMumqYTM.png?scale-down-to=512	assets/images/tdQCvdNSeIJlI87fOITOMumqYTM.scale-down-to-512.png
https://framerusercontent.com/images/uDS1HgmEmddmByZ22NhythB1Ldc.jpg	assets/images/uDS1HgmEmddmByZ22NhythB1Ldc.jpg
https://framerusercontent.com/images/uDS1HgmEmddmByZ22NhythB1Ldc.jpg?scale-down-to=1024	assets/images/uDS1HgmEmddmByZ22NhythB1Ldc.scale-down-to-1024.jpg
https://framerusercontent.com/images/uDS1HgmEmddmByZ22NhythB1Ldc.jpg?scale-down-to=2048	assets/images/uDS1HgmEmddmByZ22NhythB1Ldc.scale-down-to-2048.jpg
https://framerusercontent.com/images/uDS1HgmEmddmByZ22NhythB1Ldc.jpg?scale-down-to=512	assets/images/uDS1HgmEmddmByZ22NhythB1Ldc.scale-down-to-512.jpg
https://framerusercontent.com/images/vQNtGC9slQxeBcngAcLsDvWTuk.png	assets/images/vQNtGC9slQxeBcngAcLsDvWTuk.png
https://framerusercontent.com/images/vQNtGC9slQxeBcngAcLsDvWTuk.png?scale-down-to=1024	assets/images/vQNtGC9slQxeBcngAcLsDvWTuk.scale-down-to-1024.png
https://framerusercontent.com/images/vjNeoqGaWa2m1qS51C5a19T8.png	assets/images/vjNeoqGaWa2m1qS51C5a19T8.png
https://framerusercontent.com/images/vjNeoqGaWa2m1qS51C5a19T8.png?scale-down-to=1024	assets/images/vjNeoqGaWa2m1qS51C5a19T8.scale-down-to-1024.png
https://framerusercontent.com/images/voAJxr5rLfPTECsCmDBhwnd3brc.png	assets/images/voAJxr5rLfPTECsCmDBhwnd3brc.png
https://framerusercontent.com/images/voAJxr5rLfPTECsCmDBhwnd3brc.png?scale-down-to=1024	assets/images/voAJxr5rLfPTECsCmDBhwnd3brc.scale-down-to-1024.png
https://framerusercontent.com/images/voAJxr5rLfPTECsCmDBhwnd3brc.png?scale-down-to=2048	assets/images/voAJxr5rLfPTECsCmDBhwnd3brc.scale-down-to-2048.png
https://framerusercontent.com/images/voAJxr5rLfPTECsCmDBhwnd3brc.png?scale-down-to=512	assets/images/voAJxr5rLfPTECsCmDBhwnd3brc.scale-down-to-512.png
https://framerusercontent.com/images/von979Zbz8Rg5yn76FPNn1u1qlM.jpg	assets/images/von979Zbz8Rg5yn76FPNn1u1qlM.jpg
https://framerusercontent.com/images/von979Zbz8Rg5yn76FPNn1u1qlM.jpg?scale-down-to=1024	assets/images/von979Zbz8Rg5yn76FPNn1u1qlM.scale-down-to-1024.jpg
https://framerusercontent.com/images/von979Zbz8Rg5yn76FPNn1u1qlM.jpg?scale-down-to=2048	assets/images/von979Zbz8Rg5yn76FPNn1u1qlM.scale-down-to-2048.jpg
https://framerusercontent.com/images/wOqL1VXSK88HKAelRADgGrfdTU.png	assets/images/wOqL1VXSK88HKAelRADgGrfdTU.png
https://framerusercontent.com/images/wOqL1VXSK88HKAelRADgGrfdTU.png?scale-down-to=1024	assets/images/wOqL1VXSK88HKAelRADgGrfdTU.scale-down-to-1024.png
https://framerusercontent.com/images/wOqL1VXSK88HKAelRADgGrfdTU.png?scale-down-to=512	assets/images/wOqL1VXSK88HKAelRADgGrfdTU.scale-down-to-512.png
https://framerusercontent.com/images/wm5nuDwLHH7HAdJJVi6gfiJ2ZI.png	assets/images/wm5nuDwLHH7HAdJJVi6gfiJ2ZI.png
https://framerusercontent.com/images/wm5nuDwLHH7HAdJJVi6gfiJ2ZI.png?scale-down-to=1024	assets/images/wm5nuDwLHH7HAdJJVi6gfiJ2ZI.scale-down-to-1024.png
https://framerusercontent.com/images/wm5nuDwLHH7HAdJJVi6gfiJ2ZI.png?scale-down-to=2048	assets/images/wm5nuDwLHH7HAdJJVi6gfiJ2ZI.scale-down-to-2048.png
https://framerusercontent.com/images/wm5nuDwLHH7HAdJJVi6gfiJ2ZI.png?scale-down-to=512	assets/images/wm5nuDwLHH7HAdJJVi6gfiJ2ZI.scale-down-to-512.png
https://framerusercontent.com/images/yIJmQXpq4DovtYq2alHqf9Z6YLc.png	assets/images/yIJmQXpq4DovtYq2alHqf9Z6YLc.png
https://framerusercontent.com/images/ySnfFmSkMVAvA73omRXYXnWoG08.jpg	assets/images/ySnfFmSkMVAvA73omRXYXnWoG08.jpg
https://framerusercontent.com/images/ySnfFmSkMVAvA73omRXYXnWoG08.jpg?scale-down-to=1024	assets/images/ySnfFmSkMVAvA73omRXYXnWoG08.scale-down-to-1024.jpg
https://framerusercontent.com/images/ySnfFmSkMVAvA73omRXYXnWoG08.jpg?scale-down-to=512	assets/images/ySnfFmSkMVAvA73omRXYXnWoG08.scale-down-to-512.jpg
https://framerusercontent.com/images/yTC5hK7AciYiKC7HIXi8qCwlWQU.png	assets/images/yTC5hK7AciYiKC7HIXi8qCwlWQU.png
https://framerusercontent.com/images/yTC5hK7AciYiKC7HIXi8qCwlWQU.png?scale-down-to=1024	assets/images/yTC5hK7AciYiKC7HIXi8qCwlWQU.scale-down-to-1024.png
https://framerusercontent.com/images/yTC5hK7AciYiKC7HIXi8qCwlWQU.png?scale-down-to=2048	assets/images/yTC5hK7AciYiKC7HIXi8qCwlWQU.scale-down-to-2048.png
https://framerusercontent.com/images/yTC5hK7AciYiKC7HIXi8qCwlWQU.png?scale-down-to=512	assets/images/yTC5hK7AciYiKC7HIXi8qCwlWQU.scale-down-to-512.png
https://framerusercontent.com/images/z2ptySE2Ae2uOr7Uhzw84K86388.gif	assets/images/z2ptySE2Ae2uOr7Uhzw84K86388.gif
https://framerusercontent.com/images/z2ptySE2Ae2uOr7Uhzw84K86388.gif?scale-down-to=512	assets/images/z2ptySE2Ae2uOr7Uhzw84K86388.scale-down-to-512.gif
https://framerusercontent.com/images/zZ2N2hVJNIEQz5SEhPz1BGT0p4s.jpg	assets/images/zZ2N2hVJNIEQz5SEhPz1BGT0p4s.jpg
https://framerusercontent.com/images/zZ2N2hVJNIEQz5SEhPz1BGT0p4s.jpg?scale-down-to=1024	assets/images/zZ2N2hVJNIEQz5SEhPz1BGT0p4s.scale-down-to-1024.jpg
https://framerusercontent.com/images/zZ2N2hVJNIEQz5SEhPz1BGT0p4s.jpg?scale-down-to=512	assets/images/zZ2N2hVJNIEQz5SEhPz1BGT0p4s.scale-down-to-512.jpg
https://framerusercontent.com/sites/5K2DdzOEPkfw7ATuOza6Nf/1GlWPGRXDqK2p0wD8Gkg3it1ru-QGyFdTYlTcOMRsJw.CxACjyir.mjs	assets/runtime/1GlWPGRXDqK2p0wD8Gkg3it1ru-QGyFdTYlTcOMRsJw.CxACjyir.mjs
https://framerusercontent.com/sites/5K2DdzOEPkfw7ATuOza6Nf/4jw12L5pJahqke25mCBwsc--pM4YoxvrxVc3zYZbFWY.B29kZFpQ.mjs	assets/runtime/4jw12L5pJahqke25mCBwsc--pM4YoxvrxVc3zYZbFWY.B29kZFpQ.mjs
https://framerusercontent.com/sites/5K2DdzOEPkfw7ATuOza6Nf/5e6wo0mPq6BQ37gi5G7_B91eyJsbPi4LEwXhTn5Yvtw.CrC96xZt.mjs	assets/runtime/5e6wo0mPq6BQ37gi5G7_B91eyJsbPi4LEwXhTn5Yvtw.CrC96xZt.mjs
https://framerusercontent.com/sites/5K2DdzOEPkfw7ATuOza6Nf/BntjnRcNw.CC_6Zu4Q.mjs	assets/runtime/BntjnRcNw.CC_6Zu4Q.mjs
https://framerusercontent.com/sites/5K2DdzOEPkfw7ATuOza6Nf/Dt0Dl2hu9.BpwzAgfL.mjs	assets/runtime/Dt0Dl2hu9.BpwzAgfL.mjs
https://framerusercontent.com/sites/5K2DdzOEPkfw7ATuOza6Nf/LatpR70ik.7eN3r-hC.mjs	assets/runtime/LatpR70ik.7eN3r-hC.mjs
https://framerusercontent.com/sites/5K2DdzOEPkfw7ATuOza6Nf/O4aa4lH5TjVok2YA0mTdyxPXSkuDsK7DA_fjGxb1SWU.ChJZSzyN.mjs	assets/runtime/O4aa4lH5TjVok2YA0mTdyxPXSkuDsK7DA_fjGxb1SWU.ChJZSzyN.mjs
https://framerusercontent.com/sites/5K2DdzOEPkfw7ATuOza6Nf/U5MR1DPri.DorpbcQM.mjs	assets/runtime/U5MR1DPri.DorpbcQM.mjs
https://framerusercontent.com/sites/5K2DdzOEPkfw7ATuOza6Nf/Video.tplG6CbM.mjs	assets/runtime/Video.tplG6CbM.mjs
https://framerusercontent.com/sites/5K2DdzOEPkfw7ATuOza6Nf/ZgTkXLzCV.Csev6-TK.mjs	assets/runtime/ZgTkXLzCV.Csev6-TK.mjs
https://framerusercontent.com/sites/5K2DdzOEPkfw7ATuOza6Nf/cjHNN1SiDOcl6Sdd2sqLx5xSQxHghUkeiBMJY5fcAkI.BkhU6eih.mjs	assets/runtime/cjHNN1SiDOcl6Sdd2sqLx5xSQxHghUkeiBMJY5fcAkI.BkhU6eih.mjs
https://framerusercontent.com/sites/5K2DdzOEPkfw7ATuOza6Nf/framer.dx6QLMnN.mjs	assets/runtime/framer.dx6QLMnN.mjs
https://framerusercontent.com/sites/5K2DdzOEPkfw7ATuOza6Nf/i4jRRyyS_.CEWbeS8j.mjs	assets/runtime/i4jRRyyS_.CEWbeS8j.mjs
https://framerusercontent.com/sites/5K2DdzOEPkfw7ATuOza6Nf/i56yAfCyl.V-nD-ZQ4.mjs	assets/runtime/i56yAfCyl.V-nD-ZQ4.mjs
https://framerusercontent.com/sites/5K2DdzOEPkfw7ATuOza6Nf/mMGBH3vJLW6N9D46DR3mgNakJ31_TBTjOkL0QNIiRa4.BSkO3njS.mjs	assets/runtime/mMGBH3vJLW6N9D46DR3mgNakJ31_TBTjOkL0QNIiRa4.BSkO3njS.mjs
https://framerusercontent.com/sites/5K2DdzOEPkfw7ATuOza6Nf/motion.CJ9t6tgw.mjs	assets/runtime/motion.CJ9t6tgw.mjs
https://framerusercontent.com/sites/5K2DdzOEPkfw7ATuOza6Nf/react.CoMyxohT.mjs	assets/runtime/react.CoMyxohT.mjs
https://framerusercontent.com/sites/5K2DdzOEPkfw7ATuOza6Nf/rolldown-runtime.BG0EYyAw.mjs	assets/runtime/rolldown-runtime.BG0EYyAw.mjs
https://framerusercontent.com/sites/5K2DdzOEPkfw7ATuOza6Nf/script_main.Du2TYYwi.mjs	assets/runtime/script_main.Du2TYYwi.mjs
https://framerusercontent.com/sites/5K2DdzOEPkfw7ATuOza6Nf/searchIndex-ikv4txa3M0tq.json	assets/runtime/searchIndex.json
https://framerusercontent.com/sites/5K2DdzOEPkfw7ATuOza6Nf/shared-lib.CPbYKO1W.mjs	assets/runtime/shared-lib.CPbYKO1W.mjs
https://framerusercontent.com/sites/5K2DdzOEPkfw7ATuOza6Nf/xVZV24m_w.C7AjyfsM.mjs	assets/runtime/xVZV24m_w.C7AjyfsM.mjs
https://framerusercontent.com/third-party-assets/fontshare/wf/5ICO57VJIN252OT5L2KLEIPW754DTLAO/ZU64SLR2IEO66N27IVY5Z6JJJRTJECJK/TCTRLNEXANFIGSFCZTGQL7PZ5362GYK6.woff2	assets/fonts/TCTRLNEXANFIGSFCZTGQL7PZ5362GYK6.woff2
https://framerusercontent.com/third-party-assets/fontshare/wf/CDEBEFT2R7XKNGXSBBLZGMY4MMHZG75P/HEVKDGQCYDZ7Z6CDVR2ZQGBCTUD6ZARH/BKWEE3VKGTFABE37K2DTH625VUSN2N35.woff2	assets/fonts/BKWEE3VKGTFABE37K2DTH625VUSN2N35.woff2
https://framerusercontent.com/third-party-assets/fontshare/wf/LAFFD4SDUCDVQEXFPDC7C53EQ4ZELWQI/PXCT3G6LO6ICM5I3NTYENYPWJAECAWDD/GHM6WVH6MILNYOOCXHXB5GTSGNTMGXZR.woff2	assets/fonts/GHM6WVH6MILNYOOCXHXB5GTSGNTMGXZR.woff2
https://framerusercontent.com/third-party-assets/fontshare/wf/NHPGVFYUXYXE33DZ75OIT4JFGHITX5PE/PSUTMASCDJTVPERDYJZPN23BVUFUCQIF/J64QX5IPOHK56I2KYUNBQ5M2XWZEYKYX.woff2	assets/fonts/J64QX5IPOHK56I2KYUNBQ5M2XWZEYKYX.woff2
https://framerusercontent.com/third-party-assets/fontshare/wf/P2LQKHE6KA6ZP4AAGN72KDWMHH6ZH3TA/ZC32TK2P7FPS5GFTL46EU6KQJA24ZYDB/7AHDUZ4A7LFLVFUIFSARGIWCRQJHISQP.woff2	assets/fonts/7AHDUZ4A7LFLVFUIFSARGIWCRQJHISQP.woff2
